{
	"tempHash": "00C876AA897B1846",
	"tbluHash": "0052F48DE1812D90",
	"rootEntity": "b83942bc106cb46",
	"entities": {
		"908c2058106af431": {
			"parent": "b83942bc106cb46",
			"name": "Mesh_Shirt",
			"template": "[modules:/zbodypartentity.class].pc_entitytype",
			"blueprint": "[modules:/zbodypartentity.class].pc_entityblueprint",
			"properties": {
				"m_pMeshResource": {
					"type": "ZRuntimeResourceID",
					"value": {
						"resource": "00607FF382EFEA00",
						"flag": "5F"
					}
				}
			},
			"postInitProperties": {},
			"editorOnly": false,
			"platformSpecificPropertyValues": []
		},
		"8a45da5d9d14b0ce": {
			"parent": "b83942bc106cb46",
			"name": "Mesh_Jacket",
			"template": "[modules:/zbodypartentity.class].pc_entitytype",
			"blueprint": "[modules:/zbodypartentity.class].pc_entityblueprint",
			"properties": {
				"m_pMeshResource": {
					"type": "ZRuntimeResourceID",
					"value": {
						"resource": "00C08431D8A2226B",
						"flag": "5F"
					}
				}
			},
			"postInitProperties": {},
			"editorOnly": false,
			"platformSpecificPropertyValues": []
		},
		"62c818420f388c08": {
			"parent": "b83942bc106cb46",
			"name": "Mesh_Haircap",
			"template": "[modules:/zbodypartentity.class].pc_entitytype",
			"blueprint": "[modules:/zbodypartentity.class].pc_entityblueprint",
			"properties": {
				"m_pMeshResource": {
					"type": "ZRuntimeResourceID",
					"value": {
						"resource": "001042469753C6BD",
						"flag": "5F"
					}
				}
			},
			"postInitProperties": {},
			"editorOnly": false,
			"platformSpecificPropertyValues": []
		},
		"5c2ca0cb6b689f17": {
			"parent": "b83942bc106cb46",
			"name": "Mesh_Pants",
			"template": "[modules:/zbodypartentity.class].pc_entitytype",
			"blueprint": "[modules:/zbodypartentity.class].pc_entityblueprint",
			"properties": {
				"m_pMeshResource": {
					"type": "ZRuntimeResourceID",
					"value": {
						"resource": "00FC515E85478CE8",
						"flag": "5F"
					}
				}
			},
			"postInitProperties": {},
			"editorOnly": false,
			"platformSpecificPropertyValues": []
		},
		"ba6f98e45cb714aa": {
			"parent": "b83942bc106cb46",
			"name": "base_hair",
			"template": "0038C13D1A18FB78",
			"blueprint": "00B2F55A83DC515B",
			"properties": {
				"1737952988": {
					"type": "IRenderMaterialEntity.EModifierOperation",
					"value": "eReplace"
				},
				"m_mTransform": {
					"type": "SMatrix43",
					"value": {
						"rotation": {
							"x": 0.0,
							"y": 0.0,
							"z": -90.2099838256836
						},
						"position": {
							"x": -6.393318176269531,
							"y": -4.789535045623779,
							"z": 0.0
						}
					}
				},
				"ConstantColorRGB_02_Value_op": {
					"type": "IRenderMaterialEntity.EModifierOperation",
					"value": "eReplace"
				},
				"ConstantColorRGB_02_Value": {
					"type": "SColorRGB",
					"value": "#6e5e4c"
				},
				"ConstantColorRGB_05_Value_op": {
					"type": "IRenderMaterialEntity.EModifierOperation",
					"value": "eReplace"
				},
				"ConstantColorRGB_05_Value": {
					"type": "SColorRGB",
					"value": "#ffdcb5"
				},
				"ConstantVector1D_09_Value_op": {
					"type": "IRenderMaterialEntity.EModifierOperation",
					"value": "eReplace"
				},
				"ConstantVector1D_09_Value": {
					"type": "float32",
					"value": 0.05000000074505806
				},
				"ConstantVector1D_05_Value": {
					"type": "float32",
					"value": 0.5
				}
			},
			"postInitProperties": {
				"Clients": {
					"type": "TArray<SEntityTemplateReference>",
					"value": ["b83942bc106cb46"]
				},
				"m_eidParent": {
					"type": "SEntityTemplateReference",
					"value": "b83942bc106cb46"
				}
			},
			"editorOnly": false,
			"platformSpecificPropertyValues": []
		},
		"657209af8888b7c": {
			"parent": "b83942bc106cb46",
			"name": "buttons_01",
			"template": "[assembly:/_pro/characters/assets/_apparel/accessories/buttons/materials/buttons_01.mi].pc_entitytype",
			"blueprint": "[assembly:/_pro/characters/assets/_apparel/accessories/buttons/materials/buttons_01.mi].pc_entityblueprint",
			"properties": {
				"m_mTransform": {
					"type": "SMatrix43",
					"value": {
						"rotation": {
							"x": 0.0,
							"y": 0.0,
							"z": -90.2099838256836
						},
						"position": {
							"x": -6.393318176269531,
							"y": -4.789535045623779,
							"z": 0.0
						}
					}
				},
				"ConstantVector1D_01_Value_op": {
					"type": "IRenderMaterialEntity.EModifierOperation",
					"value": "eReplace"
				},
				"ConstantVector1D_01_Value": {
					"type": "float32",
					"value": 0.019999999552965165
				}
			},
			"postInitProperties": {
				"Clients": {
					"type": "TArray<SEntityTemplateReference>",
					"value": ["b83942bc106cb46"]
				},
				"m_eidParent": {
					"type": "SEntityTemplateReference",
					"value": "b83942bc106cb46"
				}
			},
			"editorOnly": false,
			"platformSpecificPropertyValues": []
		},
		"2ccd19a909eeacea": {
			"parent": "b83942bc106cb46",
			"name": "base_male_body",
			"template": "[assembly:/_pro/characters/assets/_base/pro_male_regular/materials/base_male_body.mi].pc_entitytype",
			"blueprint": "[assembly:/_pro/characters/assets/_base/pro_male_regular/materials/base_male_body.mi].pc_entityblueprint",
			"properties": {
				"m_mTransform": {
					"type": "SMatrix43",
					"value": {
						"rotation": {
							"x": 0.0,
							"y": 0.0,
							"z": -90.2099838256836
						},
						"position": {
							"x": -6.393318176269531,
							"y": -4.789535045623779,
							"z": 0.0
						}
					}
				},
				"ConstantColorRGB_01_Value_op": {
					"type": "IRenderMaterialEntity.EModifierOperation",
					"value": "eReplace"
				},
				"ConstantColorRGB_01_Value": {
					"type": "SColorRGB",
					"value": "#e87676"
				}
			},
			"postInitProperties": {
				"Clients": {
					"type": "TArray<SEntityTemplateReference>",
					"value": ["b83942bc106cb46"]
				},
				"m_eidParent": {
					"type": "SEntityTemplateReference",
					"value": "b83942bc106cb46"
				}
			},
			"editorOnly": false,
			"platformSpecificPropertyValues": []
		},
		"b83942bc106cb46": {
			"parent": null,
			"name": "OUTFIT_Magpie_Unique_TheConstant_M_Actor_v0",
			"template": "00C0753FBF784C66",
			"blueprint": "007294473357329E",
			"properties": {
				"m_mTransform": {
					"type": "SMatrix43",
					"value": {
						"rotation": {
							"x": 0.0,
							"y": 0.0,
							"z": 0.0
						},
						"position": {
							"x": 0.0,
							"y": 0.0,
							"z": 0.0
						}
					}
				},
				"m_pBonesAndCollisionResource": {
					"type": "ZRuntimeResourceID",
					"value": {
						"resource": "00E6D746D26D3871",
						"flag": "5F"
					}
				},
				"m_eRoomBehaviour": {
					"type": "ZSpatialEntity.ERoomBehaviour",
					"value": "ROOM_DYNAMIC"
				}
			},
			"postInitProperties": {
				"m_aBodyParts": {
					"type": "TArray<SEntityTemplateReference>",
					"value": ["9c643af9cdf531e4", "62c818420f388c08", "d8a3ef5a935579dc", "908c2058106af431", "8a45da5d9d14b0ce", "5c2ca0cb6b689f17", "3f0178873530bf39", "6f8b930be8b935db", "b55a1d602e558750", "abcdd62ff21fe7b7"]
				}
			},
			"editorOnly": false,
			"platformSpecificPropertyValues": []
		},
		"3f0178873530bf39": {
			"parent": "b83942bc106cb46",
			"name": "Mesh_Tie",
			"template": "[modules:/zbodypartentity.class].pc_entitytype",
			"blueprint": "[modules:/zbodypartentity.class].pc_entityblueprint",
			"properties": {
				"m_pMeshResource": {
					"type": "ZRuntimeResourceID",
					"value": {
						"resource": "008ED167E7983B8C",
						"flag": "5F"
					}
				}
			},
			"postInitProperties": {},
			"editorOnly": false,
			"platformSpecificPropertyValues": []
		},
		"20fb868d92c95ef1": {
			"parent": "b83942bc106cb46",
			"name": "male_reg_haircap",
			"template": "0019882C80F35D6C",
			"blueprint": "00BAFCD6A6E912C8",
			"properties": {
				"1787395739": {
					"type": "IRenderMaterialEntity.EModifierOperation",
					"value": "eReplace"
				},
				"m_mTransform": {
					"type": "SMatrix43",
					"value": {
						"rotation": {
							"x": 0.0,
							"y": 0.0,
							"z": -90.2099838256836
						},
						"position": {
							"x": -6.393318176269531,
							"y": -4.789535045623779,
							"z": 0.0
						}
					}
				},
				"Clients": {
					"type": "TArray<SEntityTemplateReference>",
					"value": ["b83942bc106cb46"]
				},
				"Texture2D_03": {
					"type": "ZRuntimeResourceID",
					"value": {
						"resource": "00F99CD2DFC2B05E",
						"flag": "5F"
					}
				},
				"Texture2D_03_enab": {
					"type": "bool",
					"value": true
				},
				"Texture2D_01": {
					"type": "ZRuntimeResourceID",
					"value": {
						"resource": "004E408943DE5D76",
						"flag": "5F"
					}
				},
				"Texture2D_01_enab": {
					"type": "bool",
					"value": true
				},
				"Texture2DNormal_01": {
					"type": "ZRuntimeResourceID",
					"value": {
						"resource": "00F2EE5302B37B4B",
						"flag": "5F"
					}
				},
				"Texture2DNormal_01_enab": {
					"type": "bool",
					"value": true
				},
				"ConstantVector1D_01_Value_op": {
					"type": "IRenderMaterialEntity.EModifierOperation",
					"value": "eReplace"
				},
				"ConstantVector1D_01_Value": {
					"type": "float32",
					"value": 5
				},
				"ConstantColorRGB_02_Value_op": {
					"type": "IRenderMaterialEntity.EModifierOperation",
					"value": "eReplace"
				},
				"ConstantColorRGB_02_Value": {
					"type": "SColorRGB",
					"value": "#c2c2c2"
				},
				"ConstantColorRGB_05_Value_op": {
					"type": "IRenderMaterialEntity.EModifierOperation",
					"value": "eReplace"
				},
				"ConstantVector1D_09_Value_op": {
					"type": "IRenderMaterialEntity.EModifierOperation",
					"value": "eReplace"
				},
				"ConstantVector1D_09_Value": {
					"type": "float32",
					"value": 1
				},
				"ConstantVector1D_03_Value": {
					"type": "float32",
					"value": 0
				},
				"m_eidParent": {
					"type": "SEntityTemplateReference",
					"value": "b83942bc106cb46"
				}
			},
			"postInitProperties": {},
			"editorOnly": false,
			"platformSpecificPropertyValues": []
		},
		"b55a1d602e558750": {
			"parent": "b83942bc106cb46",
			"name": "Mesh_Hair",
			"template": "[modules:/zbodypartentity.class].pc_entitytype",
			"blueprint": "[modules:/zbodypartentity.class].pc_entityblueprint",
			"properties": {
				"m_pMeshResource": {
					"type": "ZRuntimeResourceID",
					"value": {
						"resource": "00AA8D3109CCB6EE",
						"flag": "5F"
					}
				}
			},
			"postInitProperties": {},
			"editorOnly": false,
			"platformSpecificPropertyValues": []
		},
		"6f8b930be8b935db": {
			"parent": "b83942bc106cb46",
			"name": "Mesh_Shoes",
			"template": "[modules:/zbodypartentity.class].pc_entitytype",
			"blueprint": "[modules:/zbodypartentity.class].pc_entityblueprint",
			"properties": {
				"m_pMeshResource": {
					"type": "ZRuntimeResourceID",
					"value": {
						"resource": "008F395F9DFBA248",
						"flag": "5F"
					}
				}
			},
			"postInitProperties": {},
			"editorOnly": false,
			"platformSpecificPropertyValues": []
		},
		"9c643af9cdf531e4": {
			"parent": "b83942bc106cb46",
			"name": "Mesh_Hands",
			"template": "[modules:/zbodypartentity.class].pc_entitytype",
			"blueprint": "[modules:/zbodypartentity.class].pc_entityblueprint",
			"properties": {
				"m_pMeshResource": {
					"type": "ZRuntimeResourceID",
					"value": {
						"resource": "003C7450C7C48D54",
						"flag": "5F"
					}
				}
			},
			"postInitProperties": {},
			"editorOnly": false,
			"platformSpecificPropertyValues": []
		},
		"d8a3ef5a935579dc": {
			"parent": "b83942bc106cb46",
			"name": "Mesh_Head",
			"template": "[modules:/zbodypartentity.class].pc_entitytype",
			"blueprint": "[modules:/zbodypartentity.class].pc_entityblueprint",
			"properties": {
				"m_pMeshResource": {
					"type": "ZRuntimeResourceID",
					"value": {
						"resource": "003D2288D89C475D",
						"flag": "5F"
					}
				}
			},
			"postInitProperties": {},
			"editorOnly": false,
			"platformSpecificPropertyValues": []
		},
		"abcdd62ff21fe7b7": {
			"parent": "b83942bc106cb46",
			"name": "Mesh_Mask",
			"template": "[modules:/zbodypartentity.class].pc_entitytype",
			"blueprint": "[modules:/zbodypartentity.class].pc_entityblueprint",
			"properties": {
				"m_pMeshResource": {
					"type": "ZRuntimeResourceID",
					"value": {
						"resource": "00D4201ABA424242",
						"flag": "5F"
					}
				}
			},
			"postInitProperties": {},
			"editorOnly": false,
			"platformSpecificPropertyValues": []
		}
	},
	"overrideDeletes": [],
	"pinConnectionOverrides": [],
	"pinConnectionOverrideDeletes": [],
	"propertyOverrides": [],
	"externalScenes": [],
	"subType": 0,
	"quickEntityVersion": 2.1
}