{
    "Metadata": {
        "Id": "b2aac100-dfc7-4f85-b9cd-528114436f6c",
        "IsPublished": true,
        "CreationTimestamp": "2019-09-06T10:30:40.6504427+02:00",
        "CreatorUserId": "00000000-0000-0000-0000-000000000000",
        "Title": "UI_CONTRACT_DUGONG_TITLE",
        "Description": "UI_CONTRACT_DUGONG_DESC",
        "BriefingVideo": "briefing_dugong",
        "CodeName_Hint": "Dugong",
        "Location": "LOCATION_ROCKY_DUGONG",
        "ScenePath": "assembly:/_pro/scenes/missions/Rocky/scene_dugong.entity",
        "TileImage": "images/contracts/Dugong/Dugong_tile.jpg",
        "Type": "mission",
        "Release": "3.100",
        "GameModes": null,
        "EngineModes": null,
        "IsVersus": false,
        "Drops": [],
        "Opportunities": [],
        "Entitlements": [
            "LOCATION_ROCKY"
        ]
    },
    "UserData": null,
    "Data": {
        "EnableSaving": true,
        "Bricks": [
            "assembly:/_PRO/scenes/missions/Rocky/mission_dugong.brick"
        ],
        "DevOnlyBricks": [
            "assembly:/_PRO/scenes/missions/Rocky/dev_dugong.brick"
        ],
        "VR": [
            {
                "Quality": "base",
                "Bricks": [
                    "assembly:/_pro/Scenes/Bricks/vr_setup.brick",
                    "assembly:/_PRO/scenes/missions/rocky/vr_overrides_dugong.brick",
                    "assembly:/_PRO/scenes/missions/rocky/vr_overrides_ps4perf.brick"
                ]
            },
            {
                "Quality": "better",
                "Bricks": [
                    "assembly:/_pro/Scenes/Bricks/vr_setup.brick",
                    "assembly:/_PRO/scenes/missions/rocky/vr_overrides_dugong.brick"
                ]
            }
        ],
        "GameModesBricks": null,
        "EngineModesBricks": null,
        "GameDifficulties": [
            {
                "Difficulty": "easy",
                "Bricks": [
                    "assembly:/_pro/scenes/missions/rocky/difficulty_easy_dugong.brick"
                ]
            },
            {
                "Difficulty": "normal",
                "Bricks": []
            },
            {
                "Difficulty": "hard",
                "Bricks": [
                    "assembly:/_pro/scenes/missions/rocky/difficulty_hard_dugong.brick"
                ]
            }
        ],
        "GameChangers": [],
        "GameChangerReferences": [],
        "EnableExits": {
            "$eq": [
                "$7fdfddd5-84eb-48ac-b4b2-3fc876717dd9",
                "$3a71e4b6-6de1-4cc7-8e21-02970fdb1b3a",
                "$3fe366ef-ddac-4f30-a15a-9c711183c6c2",
                "Completed"
            ]
        },
        "Objectives": [
            {
                "_comment": "----- Kill Noel Crest -----",
                "Id": "7fdfddd5-84eb-48ac-b4b2-3fc876717dd9",
                "Category": "primary",
                "SuccessEvent": {
                    "EventName": "Kill",
                    "EventValues": {
                        "RepositoryId": "4f80ca40-a8f3-4a5e-9add-4c74d3bb5bcc"
                    }
                }
            },
            {
                "_comment": "----- Kill Akka -----",
                "Id": "3fe366ef-ddac-4f30-a15a-9c711183c6c2",
                "Category": "primary",
                "SuccessEvent": {
                    "EventName": "Kill",
                    "EventValues": {
                        "RepositoryId": "666521d2-1efe-4d0a-b7f7-2afeb08262b6"
                    }
                }
            },
            {
                "_comment": "----- Get McGuffin OR destroy satellite link -----",
                "Id": "3a71e4b6-6de1-4cc7-8e21-02970fdb1b3a",
                "UpdateActivationWhileCompleted": true,
                "Category": "primary",
                "Primary": true,
                "ObjectiveType": "custom",
                "ExcludeFromScoring": true,
                "ForceShowOnLoadingScreen": true,
                "Image": "images/actors/Rocky_Destroy_McGuffin.jpg",
                "BriefingName": "$loc UI_CONTRACT_DUGONG_OBJ_MCGUFFIN_TITLE",
                "BriefingText": "$loc UI_CONTRACT_DUGONG_OBJ_MCGUFFIN_DESC",
                "LongBriefingText": "$loc UI_CONTRACT_DUGONG_OBJ_MCGUFFIN_BRIEFING",
                "HUDTemplate": {
                    "display": "$loc UI_CONTRACT_DUGONG_OBJ_MCGUFFIN_TITLE",
                    "iconType": 17
                },
                "Type": "statemachine",
                "Scope": "session",
                "Definition": {
                    "ContextListeners": {
                        "update_counter": {
                            "type": "custom",
                            "HUDTemplate": {
                                "display": {
                                    "$loc": {
                                        "key": "UI_CONTRACT_DUGONG_OBJ_MCGUFFIN_DYNAMIC",
                                        "data": [
                                            "$.Core",
                                            "$.Disks"
                                        ]
                                    }
                                },
                                "iconType": 17
                            }
                        }
                    },
                    "Context": {
                        "Core": "$loc UI_CONTRACT_DUGONG_OBJ_MCGUFFIN_CONTROLS_DESTROY",
                        "Disks": "$loc UI_CONTRACT_DUGONG_OBJ_MCGUFFIN_KEY_0",
                        "Core_Get": "$loc UI_CONTRACT_DUGONG_OBJ_MCGUFFIN_CONTROLS_DESTROY",
                        "Core_Got": "$loc UI_CONTRACT_DUGONG_OBJ_MCGUFFIN_CONTROLS_DESTROYED",
                        "Disk_0": "$loc UI_CONTRACT_DUGONG_OBJ_MCGUFFIN_KEY_0",
                        "Disk_1": "$loc UI_CONTRACT_DUGONG_OBJ_MCGUFFIN_KEY_1",
                        "PieceCounter": 0,
                        "update_counter": 0
                    },
                    "States": {
                        "Start": {
                            "-": {
                                "Actions": {
                                    "$inc": "update_counter"
                                }
                            },
                            "KeyPieceFound": {
                                "Actions": {
                                    "$inc": "PieceCounter"
                                },
                                "Transition": "DiskText"
                            },
                            "McGuffinDestroyedEvent": {
                                "Actions": {
                                    "$set": [
                                        "Core",
                                        "$.Core_Got"
                                    ]
                                },
                                "Transition": "Success"
                            }
                        },
                        "DiskText": {
                            "-": [
                                {
                                    "Condition": {
                                        "$eq": [
                                            "$.PieceCounter",
                                            0
                                        ]
                                    },
                                    "Actions": {
                                        "$set": [
                                            "Disks",
                                            "$.Disk_0"
                                        ]
                                    }
                                },
                                {
                                    "Condition": {
                                        "$eq": [
                                            "$.PieceCounter",
                                            1
                                        ]
                                    },
                                    "Actions": {
                                        "$set": [
                                            "Disks",
                                            "$.Disk_1"
                                        ]
                                    }
                                },
                                {
                                    "Condition": {
                                        "$eq": [
                                            "$.PieceCounter",
                                            2
                                        ]
                                    },
                                    "Actions": {
                                        "$set": [
                                            "Core",
                                            ""
                                        ]
                                    },
                                    "Transition": "Success"
                                },
                                {
                                    "Actions": {
                                        "$set": [
                                            "Core",
                                            "$.Core_Get"
                                        ]
                                    },
                                    "Transition": "Start"
                                }
                            ]
                        },
                        "Success": {
                            "-": {
                                "Actions": {
                                    "$set": [
                                        "Disks",
                                        ""
                                    ],
                                    "$inc": "update_counter"
                                }
                            },
                            "KeyPieceFound": [
                                {
                                    "Actions": {
                                        "$inc": "PieceCounter"
                                    }
                                },
                                {
                                    "Condition": {
                                        "$eq": [
                                            "$.PieceCounter",
                                            2
                                        ]
                                    },
                                    "Transition": "DiskText"
                                }
                            ]
                        }
                    }
                }
            },
            {
                "_comment": "----- Scoring Dummy for DataCore Objective -----",
                "Id": "e4b13eee-c90d-40ef-9ced-720d0b209721",
                "Category": "primary",
                "Primary": true,
                "ObjectiveType": "custom",
                "Image": "",
                "BriefingName": "",
                "BriefingText": "",
                "Type": "statemachine",
                "Scope": "session",
                "Definition": {
                    "States": {
                        "Start": {
                            "exit_gate": {
                                "Transition": "Success"
                            }
                        }
                    }
                }
            },
            {
                "Id": "b8ffc636-4f9a-49b5-8293-98839a6ca202",
                "ObjectiveType": "custom",
                "IgnoreIfInactive": true,
                "OnActive": {
                    "IfCompleted": {
                        "Visible": false
                    }
                },
                "OnInactive": {
                    "IfCompleted": {
                        "State": "Completed"
                    }
                },
                "Image": "images/contracts/whitespider/004_flu/Eliminate_Infected_Obj.jpg",
                "BriefingName": "$loc UI_CONTRACT_FLU_ELIMINATE_INFECTED_COUNT_HEAD",
                "BriefingText": "$loc UI_CONTRACT_FLU_ELIMINATE_INFECTED_OBJ",
                "Category": "primary",
                "HUDTemplate": {
                    "display": "$loc UI_CONTRACT_FLU_ELIMINATE_INFECTED_OBJ",
                    "iconType": 19
                },
                "Type": "statemachine",
                "Definition": {
                    "ContextListeners": {
                        "TargetsCounter": {
                            "type": "objective-counter",
                            "header": "UI_CONTRACT_FLU_ELIMINATE_INFECTED_COUNT_HEAD"
                        }
                    },
                    "Context": {
                        "KilledActors": [],
                        "Targets": [],
                        "TargetsCounter": 0
                    },
                    "States": {
                        "Start": {
                            "-": {
                                "Transition": "Success"
                            }
                        },
                        "Success": {
                            "TargetPicked": [
                                {
                                    "Condition": {
                                        "$not": {
                                            "$eq": [
                                                "4f80ca40-a8f3-4a5e-9add-4c74d3bb5bcc",
                                                "666521d2-1efe-4d0a-b7f7-2afeb08262b6"
                                            ]
                                        }
                                    },
                                    "Actions": {
                                        "$inc": "TargetsCounter",
                                        "$pushunique": [
                                            "Targets",
                                            "$Value.RepositoryId"
                                        ]
                                    },
                                    "Transition": "TargetPicked"
                                }
                            ]
                        },
                        "TargetPicked": {
                            "TargetPicked": [
                                {
                                    "Condition": {
                                        "$not": {
                                            "$eq": [
                                                "4f80ca40-a8f3-4a5e-9add-4c74d3bb5bcc",
                                                "666521d2-1efe-4d0a-b7f7-2afeb08262b6"
                                            ]
                                        }
                                    },
                                    "Actions": {
                                        "$inc": "TargetsCounter",
                                        "$pushunique": [
                                            "Targets",
                                            "$Value.RepositoryId"
                                        ]
                                    }
                                }
                            ],
                            "Kill": [
                                {
                                    "Actions": {
                                        "$pushunique": [
                                            "KilledActors",
                                            "$Value.RepositoryId"
                                        ]
                                    }
                                },
                                {
                                    "Actions": {
                                        "$dec": "TargetsCounter"
                                    },
                                    "Condition": {
                                        "$inarray": {
                                            "in": "$.Targets",
                                            "?": {
                                                "$eq": [
                                                    "$.#",
                                                    "$Value.RepositoryId"
                                                ]
                                            }
                                        }
                                    }
                                },
                                {
                                    "Condition": {
                                        "$all": {
                                            "in": "$.Targets",
                                            "?": {
                                                "$any": {
                                                    "in": "$.KilledActors",
                                                    "?": {
                                                        "$eq": [
                                                            "$.#",
                                                            "$.##"
                                                        ]
                                                    }
                                                }
                                            }
                                        }
                                    },
                                    "Transition": "Success"
                                }
                            ],
                            "ContractLoad": [
                                {
                                    "Actions": {
                                        "$set": [
                                            "TargetsCounter",
                                            "$.TargetsCounter"
                                        ]
                                    }
                                }
                            ]
                        }
                    }
                }
            },
            {
                "Id": "2c22eb96-bad8-4514-83c4-eece9c2c5988",
                "ObjectiveType": "custom",
                "IgnoreIfInactive": true,
                "OnActive": {
                    "IfInProgress": {
                        "Visible": false
                    },
                    "IfFailed": {
                        "Visible": false
                    },
                    "IfCompleted": {
                        "Visible": true
                    }
                },
                "Image": "images/contracts/whitespider/004_flu/Eliminate_Infected_Obj.jpg",
                "BriefingName": "$loc UI_CONTRACT_FLU_ELIMINATE_INFECTED_COUNT_HEAD",
                "BriefingText": "$loc UI_CONTRACT_FLU_ELIMINATE_INFECTED_OBJ",
                "ExcludeFromScoring": true,
                "Category": "secondary",
                "HUDTemplate": {
                    "display": "$loc UI_CONTRACT_FLU_ELIMINATE_INFECTED_OBJ",
                    "iconType": 19
                },
                "Type": "statemachine",
                "Definition": {
                    "ContextListeners": {
                        "TotalTargetsCounter": {
                            "type": "objective-counter",
                            "header": "UI_CONTRACT_FLU_ELIMINATE_INFECTED_COUNT_HEAD"
                        }
                    },
                    "Context": {
                        "TotalTargetsCounter": 0
                    },
                    "States": {
                        "Start": {
                            "TargetPicked": [
                                {
                                    "Actions": {
                                        "$inc": "TotalTargetsCounter"
                                    }
                                }
                            ],
                            "ContractLoad": [
                                {
                                    "Actions": {
                                        "$set": [
                                            "TotalTargetsCounter",
                                            "$.TotalTargetsCounter"
                                        ]
                                    }
                                }
                            ],
                            "ContractEnd": [
                                {
                                    "Transition": "Success"
                                }
                            ],
                            "exit_gate": [
                                {
                                    "Transition": "Success"
                                }
                            ]
                        }
                    }
                }
            },
            {
                "Id": "85745a86-a55a-4286-bff8-44a7960f87c8",
                "Type": "statemachine",
                "Category": "condition",
                "ExcludeFromScoring": true,
                "OnActive": {
                    "IfInProgress": {
                        "Visible": false
                    }
                },
                "Definition": {
                    "Scope": "session",
                    "Context": {},
                    "States": {
                        "Start": {
                            "47_Infected": {
                                "Transition": "Success"
                            }
                        }
                    }
                }
            },
            {
                "Id": "e98be877-94bb-40a8-959f-5353a7704825",
                "ObjectiveType": "custom",
                "IgnoreIfInactive": true,
                "OnActive": {
                    "IfCompleted": {
                        "Visible": false
                    }
                },
                "Activation": {
                    "$eq": [
                        "$85745a86-a55a-4286-bff8-44a7960f87c8",
                        "Completed"
                    ]
                },
                "Image": "images/contracts/whitespider/004_flu/WS_Flu_Obj_Antidote.jpg",
                "BriefingName": "$loc UI_CONTRACT_FLU_ANTIDOTE_TITLE",
                "BriefingText": "$loc UI_CONTRACT_FLU_ANTIDOTE_DESC",
                "Category": "primary",
                "HUDTemplate": {
                    "display": "$loc UI_CONTRACT_FLU_ANTIDOTE_OBJ"
                },
                "Type": "statemachine",
                "Definition": {
                    "Context": {
                        "Targets": [
                            "d940d53e-738c-4033-8bfd-c2ee28ae4e8a"
                        ]
                    },
                    "States": {
                        "Start": {
                            "-": {
                                "Transition": "Success"
                            }
                        },
                        "Success": {
                            "47_Infected": {
                                "Transition": "Get_Antidote"
                            }
                        },
                        "Get_Antidote": {
                            "47_Cured": {
                                "Transition": "Success"
                            },
                            "$timer": {
                                "Condition": {
                                    "$after": 300
                                },
                                "Transition": "Failure"
                            }
                        }
                    }
                }
            }
        ]
    }
}