{
    "Data": {
        "Objectives": [
            {
                "Id": "a926831d-87f2-4c2e-af8d-69167b2b9c04",
                "Primary": true,
                "SuccessEvent": {
                    "EventName": "Kill",
                    "EventValues": {
                        "RepositoryId": "0dfaea51-3c36-4722-9eff-f1e7ef139878"
                    }
                }
            },
            {
                "Id": "14e41bce-ae6d-4b7b-8e43-aa130cce17a6",
                "Primary": true,
                "SuccessEvent": {
                    "EventName": "Kill",
                    "EventValues": {
                        "RepositoryId": "94ab740b-b30f-4086-9aea-5c9c0de28456"
                    }
                }
            },
            {
                "Id": "e15b5171-2b12-4966-9339-3344042f9867",
                "ObjectiveType": "setpiece",
                "ForceShowOnLoadingScreen": true,
                "Image": "images/contracts/octopus/Contract_Octopus_Virus_ObjectiveTile.jpg",
                "BriefingName": "$loc UI_CONTRACT_OCTOPUS_VIRUS_BRIEFING_NAME",
                "LongBriefingText": "$loc UI_CONTRACT_OCTOPUS_VIRUS_BRIEFING_DESC",
                "Category": "primary",
                "HUDTemplate": {
                    "display": "$loc UI_CONTRACT_OCTOPUS_OBJ_2"
                },
                "BriefingText": "$loc UI_CONTRACT_OCTOPUS_OBJ_2",
                "Type": "statemachine",
                "Definition": {
                    "Context": {
                        "Targets": [
                            "53629764-635d-4d11-b671-7ba9b5a03298"
                        ]
                    },
                    "States": {
                        "Start": {
                            "VirusDestroyed": [
                                {
                                    "Transition": "Success"
                                }
                            ]
                        }
                    }
                }
            },
            {
                "Id": "5ff67d0f-9fcc-4775-ad60-364e69571388",
                "Category": "primary",
                "ExcludeFromScoring": true,
                "OnActive": {
                    "IfCompleted": {
                        "Visible": false
                    }
                },
                "BriefingText": "$loc UI_CONTRACT_OCTOPUS_FAIL_SILVIO_ESCAPED",
                "HUDTemplate": {
                    "display": "$loc UI_CONTRACT_OCTOPUS_OBJ_3"
                },
                "Type": "statemachine",
                "Definition": {
                    "Context": {},
                    "States": {
                        "Start": {
                            "-": {
                                "Transition": "Success"
                            }
                        },
                        "Success": {
                            "SilvioSeaplaneEscaping": {
                                "Transition": "EscapeCountdownStart"
                            }
                        },
                        "EscapeCountdownStart": {
                            "$timer": {
                                "Condition": {
                                    "$after": 90
                                },
                                "Transition": "Failure"
                            },
                            "Kill": [
                                {
                                    "Condition": {
                                        "$eq": [
                                            "$Value.RepositoryId",
                                            "0dfaea51-3c36-4722-9eff-f1e7ef139878"
                                        ]
                                    },
                                    "Transition": "Success"
                                }
                            ]
                        }
                    }
                }
            },
            {
                "Id": "b8ffc636-4f9a-49b5-8293-98839a6ca202",
                "ObjectiveType": "custom",
                "IgnoreIfInactive": true,
                "OnActive": {
                    "IfCompleted": {
                        "Visible": false
                    }
                },
                "OnInactive": {
                    "IfCompleted": {
                        "State": "Completed"
                    }
                },
                "Image": "images/contracts/whitespider/004_flu/Eliminate_Infected_Obj.jpg",
                "BriefingName": "$loc UI_CONTRACT_FLU_ELIMINATE_INFECTED_COUNT_HEAD",
                "BriefingText": "$loc UI_CONTRACT_FLU_ELIMINATE_INFECTED_OBJ",
                "Category": "primary",
                "HUDTemplate": {
                    "display": "$loc UI_CONTRACT_FLU_ELIMINATE_INFECTED_OBJ",
                    "iconType": 19
                },
                "Type": "statemachine",
                "Definition": {
                    "ContextListeners": {
                        "TargetsCounter": {
                            "type": "objective-counter",
                            "header": "UI_CONTRACT_FLU_ELIMINATE_INFECTED_COUNT_HEAD"
                        }
                    },
                    "Context": {
                        "KilledActors": [],
                        "Targets": [],
                        "TargetsCounter": 0
                    },
                    "States": {
                        "Start": {
                            "-": {
                                "Transition": "Success"
                            }
                        },
                        "Success": {
                            "TargetPicked": [
                                {
                                    "Condition": {
                                        "$not": {
                                            "$eq": [
                                                "0dfaea51-3c36-4722-9eff-f1e7ef139878",
                                                "94ab740b-b30f-4086-9aea-5c9c0de28456"
                                            ]
                                        }
                                    },
                                    "Actions": {
                                        "$inc": "TargetsCounter",
                                        "$pushunique": [
                                            "Targets",
                                            "$Value.RepositoryId"
                                        ]
                                    },
                                    "Transition": "TargetPicked"
                                }
                            ]
                        },
                        "TargetPicked": {
                            "TargetPicked": [
                                {
                                    "Condition": {
                                        "$not": {
                                            "$eq": [
                                                "0dfaea51-3c36-4722-9eff-f1e7ef139878",
                                                "94ab740b-b30f-4086-9aea-5c9c0de28456"
                                            ]
                                        }
                                    },
                                    "Actions": {
                                        "$inc": "TargetsCounter",
                                        "$pushunique": [
                                            "Targets",
                                            "$Value.RepositoryId"
                                        ]
                                    }
                                }
                            ],
                            "Kill": [
                                {
                                    "Actions": {
                                        "$pushunique": [
                                            "KilledActors",
                                            "$Value.RepositoryId"
                                        ]
                                    }
                                },
                                {
                                    "Actions": {
                                        "$dec": "TargetsCounter"
                                    },
                                    "Condition": {
                                        "$inarray": {
                                            "in": "$.Targets",
                                            "?": {
                                                "$eq": [
                                                    "$.#",
                                                    "$Value.RepositoryId"
                                                ]
                                            }
                                        }
                                    }
                                },
                                {
                                    "Condition": {
                                        "$all": {
                                            "in": "$.Targets",
                                            "?": {
                                                "$any": {
                                                    "in": "$.KilledActors",
                                                    "?": {
                                                        "$eq": [
                                                            "$.#",
                                                            "$.##"
                                                        ]
                                                    }
                                                }
                                            }
                                        }
                                    },
                                    "Transition": "Success"
                                }
                            ],
                            "ContractLoad": [
                                {
                                    "Actions": {
                                        "$set": [
                                            "TargetsCounter",
                                            "$.TargetsCounter"
                                        ]
                                    }
                                }
                            ]
                        }
                    }
                }
            },
            {
                "Id": "2c22eb96-bad8-4514-83c4-eece9c2c5988",
                "ObjectiveType": "custom",
                "IgnoreIfInactive": true,
                "OnActive": {
                    "IfInProgress": {
                        "Visible": false
                    },
                    "IfFailed": {
                        "Visible": false
                    },
                    "IfCompleted": {
                        "Visible": true
                    }
                },
                "Image": "images/contracts/whitespider/004_flu/Eliminate_Infected_Obj.jpg",
                "BriefingName": "$loc UI_CONTRACT_FLU_ELIMINATE_INFECTED_COUNT_HEAD",
                "BriefingText": "$loc UI_CONTRACT_FLU_ELIMINATE_INFECTED_OBJ",
                "ExcludeFromScoring": true,
                "Category": "secondary",
                "HUDTemplate": {
                    "display": "$loc UI_CONTRACT_FLU_ELIMINATE_INFECTED_OBJ",
                    "iconType": 19
                },
                "Type": "statemachine",
                "Definition": {
                    "ContextListeners": {
                        "TotalTargetsCounter": {
                            "type": "objective-counter",
                            "header": "UI_CONTRACT_FLU_ELIMINATE_INFECTED_COUNT_HEAD"
                        }
                    },
                    "Context": {
                        "TotalTargetsCounter": 0
                    },
                    "States": {
                        "Start": {
                            "TargetPicked": [
                                {
                                    "Actions": {
                                        "$inc": "TotalTargetsCounter"
                                    }
                                }
                            ],
                            "ContractLoad": [
                                {
                                    "Actions": {
                                        "$set": [
                                            "TotalTargetsCounter",
                                            "$.TotalTargetsCounter"
                                        ]
                                    }
                                }
                            ],
                            "ContractEnd": [
                                {
                                    "Transition": "Success"
                                }
                            ],
                            "exit_gate": [
                                {
                                    "Transition": "Success"
                                }
                            ]
                        }
                    }
                }
            },
            {
                "Id": "85745a86-a55a-4286-bff8-44a7960f87c8",
                "Type": "statemachine",
                "Category": "condition",
                "ExcludeFromScoring": true,
                "OnActive": {
                    "IfInProgress": {
                        "Visible": false
                    }
                },
                "Definition": {
                    "Scope": "session",
                    "Context": {},
                    "States": {
                        "Start": {
                            "47_Infected": {
                                "Transition": "Success"
                            }
                        }
                    }
                }
            },
            {
                "Id": "e98be877-94bb-40a8-959f-5353a7704825",
                "ObjectiveType": "custom",
                "IgnoreIfInactive": true,
                "OnActive": {
                    "IfCompleted": {
                        "Visible": false
                    }
                },
                "Activation": {
                    "$eq": [
                        "$85745a86-a55a-4286-bff8-44a7960f87c8",
                        "Completed"
                    ]
                },
                "Image": "images/contracts/whitespider/004_flu/WS_Flu_Obj_Antidote.jpg",
                "BriefingName": "$loc UI_CONTRACT_FLU_ANTIDOTE_TITLE",
                "BriefingText": "$loc UI_CONTRACT_FLU_ANTIDOTE_DESC",
                "Category": "primary",
                "HUDTemplate": {
                    "display": "$loc UI_CONTRACT_FLU_ANTIDOTE_OBJ"
                },
                "Type": "statemachine",
                "Definition": {
                    "Context": {
                        "Targets": [
                            "d940d53e-738c-4033-8bfd-c2ee28ae4e8a"
                        ]
                    },
                    "States": {
                        "Start": {
                            "-": {
                                "Transition": "Success"
                            }
                        },
                        "Success": {
                            "47_Infected": {
                                "Transition": "Get_Antidote"
                            }
                        },
                        "Get_Antidote": {
                            "47_Cured": {
                                "Transition": "Success"
                            },
                            "$timer": {
                                "Condition": {
                                    "$after": 300
                                },
                                "Transition": "Failure"
                            }
                        }
                    }
                }
            }
        ],
        "GameDifficulties": [
            {
                "Difficulty": "easy",
                "Bricks": [
                    "assembly:/_pro/scenes/missions/coastaltown/difficulty_easy_sapienza_octopus.brick"
                ]
            },
            {
                "Difficulty": "normal",
                "Bricks": []
            },
            {
                "Difficulty": "hard",
                "Bricks": [
                    "assembly:/_pro/scenes/missions/coastaltown/octopus_pro1.brick"
                ]
            }
        ],
        "Bricks": [],
        "VR": [
            {
                "Quality": "base",
                "Bricks": [
                    "assembly:/_pro/Scenes/Bricks/vr_setup.brick",
                    "assembly:/_pro/scenes/missions/coastaltown/vr_overrides_octopus.brick",
                    "assembly:/_pro/scenes/missions/coastaltown/vr_overrides_ps4perf.brick"
                ]
            },
            {
                "Quality": "better",
                "Bricks": [
                    "assembly:/_pro/Scenes/Bricks/vr_setup.brick",
                    "assembly:/_pro/scenes/missions/coastaltown/vr_overrides_octopus.brick"
                ]
            }
        ],
        "GameChangers": []
    },
    "Metadata": {
        "UserData": null,
        "CreatorUserId": "7545ee96-063a-49b6-a1d9-9fc2656e565a",
        "TileImage": "images/contracts/surveillance_portofino/tile.jpg",
        "Location": "LOCATION_COASTALTOWN",
        "BriefingVideo": "briefing_octopus",
        "DebriefingVideo": "debriefing_octopus",
        "MissionData": {
            "Context": "BIO LAB",
            "MissionType": "Assasination"
        },
        "Description": "UI_CONTRACT_OCTOPUS_DESC",
        "Title": "UI_CONTRACT_OCTOPUS_TITLE",
        "CodeName_Hint": "Octopus",
        "ScenePath": "assembly:/_PRO/Scenes/Missions/CoastalTown/Mission01.entity",
        "IsPublished": true,
        "IsLocked": false,
        "Stats": {
            "PlayCount": 32,
            "Likes": 2,
            "Dislikes": 1
        },
        "Id": "00000000-0000-0000-0000-000000000600",
        "CreationTimestamp": "2014-04-04T09:41:27.06Z",
        "LastUpdate": "2015-05-19T09:29:39.061Z",
        "Type": "mission",
        "Release": "1.1.x",
        "RequiredUnlockable": "ACCESS_HIT_OCTOPUS",
        "Drops": [
            "ACCESS_HIT_SPIDER"
        ],
        "Opportunities": [
            "27e773ad-ab9c-42a3-9e70-cde433b6f497",
            "0d24fffc-849c-4759-a86b-d8eebae95c4e",
            "1eef2ba3-8139-46c3-b05b-018aa0d30d95",
            "2d9530dd-843c-48d5-8964-2e67aa5d368f",
            "f43fe0cb-9be7-4c3a-a0a3-c7e19f8e0f3e",
            "088e9238-6c4b-4644-934c-1d959706be2c",
            "d6bb64d2-5c4d-497e-8c23-ce36a4dffd16",
            "a725db5d-2564-4325-b38b-914426fff324",
            "ecf76aeb-d4b0-4b3b-8768-f209aff09476",
            "3f6dea78-b0c4-4f29-961d-f7bb097b8be4"
        ],
        "Entitlements": [
            "H1_LEGACY_STANDARD"
        ]
    },
    "UserData": {}
}