{
    "Metadata": {
        "Id": "a3e19d55-64a6-4282-bb3c-d18c3f3e6e29",
        "CodeName_Hint": "Wolverine",
        "Release": "3.0.0",
        "Type": "mission",
        "Title": "UI_CONTRACT_WOLVERINE_TITLE",
        "Description": "UI_CONTRACT_WOLVERINE_DESC",
        "BriefingVideo": "briefing_wolverine",
        "DebriefingVideo": "debriefing_wolverine",
        "ScenePath": "assembly:/_PRO/Scenes/Missions/trapped/scene_wolverine.entity",
        "TileImage": "images/contracts/wolverine/wolverine_tile.jpg",
        "Location": "LOCATION_TRAPPED_WOLVERINE",
        "IsPublished": true,
        "LastUpdate": "2015-04-13T09:17:05.987Z",
        "CreationTimestamp": "2015-03-25T13:08:00.173Z",
        "CreatorUserId": "7545ee96-063a-49b6-a1d9-9fc2656e565a",
        "NonTargetKillsAllowed": true,
        "RequiredUnlockable": "ACCESS_HIT_WOLVERINE",
        "Drops": [
            "ACCESS_HIT_S3_CONCLUSION"
        ],
        "Entitlements": [
            "LOCATION_TRAPPED"
        ]
    },
    "UserData": {},
    "Data": {
        "Bricks": [
            "assembly:/_pro/scenes/missions/trapped/mission_wolverine.brick"
        ],
        "DevOnlyBricks": [
            "assembly:/_pro/scenes/missions/trapped/dev_wolverine.brick"
        ],
        "VR": [
            {
                "Quality": "base",
                "Bricks": [
                    "assembly:/_pro/Scenes/Bricks/vr_setup.brick",
                    "assembly:/_pro/scenes/missions/trapped/vr_overrides_wolverine.brick",
                    "assembly:/_PRO/Scenes/Missions/trapped/vr_overrides_wolverine_2.brick",
                    "assembly:/_PRO/Scenes/Missions/trapped/vr_overrides_ps4perf.brick"
                ]
            },
            {
                "Quality": "better",
                "Bricks": [
                    "assembly:/_pro/Scenes/Bricks/vr_setup.brick",
                    "assembly:/_pro/scenes/missions/trapped/vr_overrides_wolverine.brick",
                    "assembly:/_PRO/Scenes/Missions/trapped/vr_overrides_wolverine_2.brick"
                ]
            }
        ],
        "GameChangers": [],
        "GameDifficulties": [
            {
                "Difficulty": "easy",
                "Bricks": [
                    "assembly:/_pro/scenes/missions/trapped/difficulty_easy_trapped_wolverine.brick"
                ]
            },
            {
                "Difficulty": "normal",
                "Bricks": []
            },
            {
                "Difficulty": "hard",
                "Bricks": [
                    "assembly:/_pro/scenes/missions/trapped/difficulty_hard_trapped_wolverine.brick"
                ]
            }
        ],
        "Objectives": [
            {
                "_comment": "----- Eliminate Arthur Edwards -----",
                "Id": "63b987e4-18d7-4a09-8848-4fc4970fa733",
                "Category": "primary",
                "Activation": {
                    "$eq": [
                        "$c458f79e-f308-49d9-8491-854e04aaeecb",
                        "Completed"
                    ]
                },
                "RepeatSuccess": 1,
                "RepeatFailed": 1,
                "HUDTemplate": {
                    "display": "$loc UI_CONTRACT_WOLVERINE_OBJ_EDWARDS"
                },
                "BriefingText": "$loc UI_CONTRACT_WOLVERINE_OBJ_EDWARDS",
                "Type": "statemachine",
                "Definition": {
                    "Scope": "session",
                    "Context": {
                        "Targets": [
                            "17c40b70-506a-494e-89ef-31360cdead47"
                        ]
                    },
                    "States": {
                        "Start": {
                            "Kill": [
                                {
                                    "Condition": {
                                        "$inarray": {
                                            "in": "$.Targets",
                                            "?": {
                                                "$eq": [
                                                    "$.#",
                                                    "$Value.RepositoryId"
                                                ]
                                            }
                                        }
                                    },
                                    "Transition": "Success"
                                }
                            ],
                            "CompleteObjective": [
                                {
                                    "Transition": "Success"
                                }
                            ]
                        }
                    }
                }
            },
            {
                "_comment": "-----UI text objective for Eliminate any Providence NPC -----",
                "Id": "efb1da8a-c282-4b6f-bc1a-7efea39e1421",
                "Category": "secondary",
                "Activation": {
                    "$eq": [
                        "$c458f79e-f308-49d9-8491-854e04aaeecb",
                        "Completed"
                    ]
                },
                "ExcludeFromScoring": true,
                "OnActive": {
                    "IfInProgress": {
                        "Visible": true
                    },
                    "IfCompleted": {
                        "Visible": false
                    },
                    "IfFailed": {
                        "Visible": false
                    }
                },
                "ObjectiveType": "custom",
                "Type": "statemachine",
                "Scope": "session",
                "Image": "images/contracts/wolverine/wolverine_providence_logo_obj.jpg",
                "BriefingName": "$loc UI_CONTRACT_WOLVERINE_ELIMINATE_PROVIDENCE_TITLE",
                "BriefingText": "$loc UI_CONTRACT_WOLVERINE_ELIMINATE_PROVIDENCE_HEADER",
                "LongBriefingText": "$loc UI_CONTRACT_WOLVERINE_ELIMINATE_PROVIDENCE_DESC",
                "HUDTemplate": {
                    "display": "$loc UI_CONTRACT_WOLVERINE_ELIMINATE_PROVIDENCE_TITLE",
                    "iconType": 17
                },
                "Definition": {
                    "Scope": "session",
                    "Context": {},
                    "States": {
                        "Start": {
                            "RemoveOptionalObjective": [
                                {
                                    "Transition": "Success"
                                }
                            ]
                        }
                    }
                }
            },
            {
                "_comment": "----- Objective hider -----",
                "Id": "c458f79e-f308-49d9-8491-854e04aaeecb",
                "Type": "statemachine",
                "Category": "condition",
                "ExcludeFromScoring": true,
                "Definition": {
                    "Scope": "session",
                    "Context": {},
                    "States": {
                        "Start": {
                            "EnableObjective": {
                                "Transition": "Success"
                            }
                        }
                    }
                }
            },
            {
                "Id": "226c6db3-3b6b-46c3-8377-4fb8ea3d3f8b",
                "Primary": true,
                "SuccessEvent": {
                    "EventName": "Kill",
                    "EventValues": {
                        "RepositoryId": "70579d76-d54b-43fb-9708-42488c480f02"
                    }
                }
            },
            {
                "Id": "b8ffc636-4f9a-49b5-8293-98839a6ca202",
                "ObjectiveType": "custom",
                "IgnoreIfInactive": true,
                "OnActive": {
                    "IfCompleted": {
                        "Visible": false
                    }
                },
                "OnInactive": {
                    "IfCompleted": {
                        "State": "Completed"
                    }
                },
                "Image": "images/contracts/whitespider/004_flu/Eliminate_Infected_Obj.jpg",
                "BriefingName": "$loc UI_CONTRACT_FLU_ELIMINATE_INFECTED_COUNT_HEAD",
                "BriefingText": "$loc UI_CONTRACT_FLU_ELIMINATE_INFECTED_OBJ",
                "Category": "primary",
                "HUDTemplate": {
                    "display": "$loc UI_CONTRACT_FLU_ELIMINATE_INFECTED_OBJ",
                    "iconType": 19
                },
                "Type": "statemachine",
                "Definition": {
                    "ContextListeners": {
                        "TargetsCounter": {
                            "type": "objective-counter",
                            "header": "UI_CONTRACT_FLU_ELIMINATE_INFECTED_COUNT_HEAD"
                        }
                    },
                    "Context": {
                        "KilledActors": [],
                        "Targets": [],
                        "TargetsCounter": 0
                    },
                    "States": {
                        "Start": {
                            "-": {
                                "Transition": "Success"
                            }
                        },
                        "Success": {
                            "TargetPicked": [
                                {
                                    "Condition": {
                                        "$not": {
                                            "$eq": [
                                                "17c40b70-506a-494e-89ef-31360cdead47",
                                                "70579d76-d54b-43fb-9708-42488c480f02"
                                            ]
                                        }
                                    },
                                    "Actions": {
                                        "$inc": "TargetsCounter",
                                        "$pushunique": [
                                            "Targets",
                                            "$Value.RepositoryId"
                                        ]
                                    },
                                    "Transition": "TargetPicked"
                                }
                            ]
                        },
                        "TargetPicked": {
                            "TargetPicked": [
                                {
                                    "Condition": {
                                        "$not": {
                                            "$eq": [
                                                "17c40b70-506a-494e-89ef-31360cdead47",
                                                "70579d76-d54b-43fb-9708-42488c480f02"
                                            ]
                                        }
                                    },
                                    "Actions": {
                                        "$inc": "TargetsCounter",
                                        "$pushunique": [
                                            "Targets",
                                            "$Value.RepositoryId"
                                        ]
                                    }
                                }
                            ],
                            "Kill": [
                                {
                                    "Actions": {
                                        "$pushunique": [
                                            "KilledActors",
                                            "$Value.RepositoryId"
                                        ]
                                    }
                                },
                                {
                                    "Actions": {
                                        "$dec": "TargetsCounter"
                                    },
                                    "Condition": {
                                        "$inarray": {
                                            "in": "$.Targets",
                                            "?": {
                                                "$eq": [
                                                    "$.#",
                                                    "$Value.RepositoryId"
                                                ]
                                            }
                                        }
                                    }
                                },
                                {
                                    "Condition": {
                                        "$all": {
                                            "in": "$.Targets",
                                            "?": {
                                                "$any": {
                                                    "in": "$.KilledActors",
                                                    "?": {
                                                        "$eq": [
                                                            "$.#",
                                                            "$.##"
                                                        ]
                                                    }
                                                }
                                            }
                                        }
                                    },
                                    "Transition": "Success"
                                }
                            ],
                            "ContractLoad": [
                                {
                                    "Actions": {
                                        "$set": [
                                            "TargetsCounter",
                                            "$.TargetsCounter"
                                        ]
                                    }
                                }
                            ]
                        }
                    }
                }
            },
            {
                "Id": "2c22eb96-bad8-4514-83c4-eece9c2c5988",
                "ObjectiveType": "custom",
                "IgnoreIfInactive": true,
                "OnActive": {
                    "IfInProgress": {
                        "Visible": false
                    },
                    "IfFailed": {
                        "Visible": false
                    },
                    "IfCompleted": {
                        "Visible": true
                    }
                },
                "Image": "images/contracts/whitespider/004_flu/Eliminate_Infected_Obj.jpg",
                "BriefingName": "$loc UI_CONTRACT_FLU_ELIMINATE_INFECTED_COUNT_HEAD",
                "BriefingText": "$loc UI_CONTRACT_FLU_ELIMINATE_INFECTED_OBJ",
                "ExcludeFromScoring": true,
                "Category": "secondary",
                "HUDTemplate": {
                    "display": "$loc UI_CONTRACT_FLU_ELIMINATE_INFECTED_OBJ",
                    "iconType": 19
                },
                "Type": "statemachine",
                "Definition": {
                    "ContextListeners": {
                        "TotalTargetsCounter": {
                            "type": "objective-counter",
                            "header": "UI_CONTRACT_FLU_ELIMINATE_INFECTED_COUNT_HEAD"
                        }
                    },
                    "Context": {
                        "TotalTargetsCounter": 0
                    },
                    "States": {
                        "Start": {
                            "TargetPicked": [
                                {
                                    "Actions": {
                                        "$inc": "TotalTargetsCounter"
                                    }
                                }
                            ],
                            "ContractLoad": [
                                {
                                    "Actions": {
                                        "$set": [
                                            "TotalTargetsCounter",
                                            "$.TotalTargetsCounter"
                                        ]
                                    }
                                }
                            ],
                            "ContractEnd": [
                                {
                                    "Transition": "Success"
                                }
                            ],
                            "exit_gate": [
                                {
                                    "Transition": "Success"
                                }
                            ]
                        }
                    }
                }
            },
            {
                "Id": "85745a86-a55a-4286-bff8-44a7960f87c8",
                "Type": "statemachine",
                "Category": "condition",
                "ExcludeFromScoring": true,
                "OnActive": {
                    "IfInProgress": {
                        "Visible": false
                    }
                },
                "Definition": {
                    "Scope": "session",
                    "Context": {},
                    "States": {
                        "Start": {
                            "47_Infected": {
                                "Transition": "Success"
                            }
                        }
                    }
                }
            },
            {
                "Id": "e98be877-94bb-40a8-959f-5353a7704825",
                "ObjectiveType": "custom",
                "IgnoreIfInactive": true,
                "OnActive": {
                    "IfCompleted": {
                        "Visible": false
                    }
                },
                "Activation": {
                    "$eq": [
                        "$85745a86-a55a-4286-bff8-44a7960f87c8",
                        "Completed"
                    ]
                },
                "Image": "images/contracts/whitespider/004_flu/WS_Flu_Obj_Antidote.jpg",
                "BriefingName": "$loc UI_CONTRACT_FLU_ANTIDOTE_TITLE",
                "BriefingText": "$loc UI_CONTRACT_FLU_ANTIDOTE_DESC",
                "Category": "primary",
                "HUDTemplate": {
                    "display": "$loc UI_CONTRACT_FLU_ANTIDOTE_OBJ"
                },
                "Type": "statemachine",
                "Definition": {
                    "Context": {
                        "Targets": [
                            "d940d53e-738c-4033-8bfd-c2ee28ae4e8a"
                        ]
                    },
                    "States": {
                        "Start": {
                            "-": {
                                "Transition": "Success"
                            }
                        },
                        "Success": {
                            "47_Infected": {
                                "Transition": "Get_Antidote"
                            }
                        },
                        "Get_Antidote": {
                            "47_Cured": {
                                "Transition": "Success"
                            },
                            "$timer": {
                                "Condition": {
                                    "$after": 300
                                },
                                "Transition": "Failure"
                            }
                        }
                    }
                }
            }
        ]
    }
}