{
    "Metadata": {
        "Id": "179563a4-727a-4072-b354-c9fff4e8bff0",
        "CodeName_Hint": "Anaconda",
        "Release": "2.40.0",
        "Type": "flashback",
        "Subtype": "specialassignment",
        "Title": "UI_CONTRACT_ANACONDA_TITLE",
        "Description": "UI_CONTRACT_ANACONDA_DESC",
        "BriefingVideo": "briefing_anaconda",
        "DebriefingVideo": "debriefing_anaconda",
        "ScenePath": "assembly:/_pro/scenes/missions/colombia/scene_anaconda.entity",
        "TileImage": "Images/Contracts/Anaconda/Tile.jpg",
        "Location": "LOCATION_COLOMBIA_ANACONDA",
        "IsPublished": true,
        "LastUpdate": "2015-03-10T12:00:00.441Z",
        "CreationTimestamp": "2012-12-12T12:12:12.743Z",
        "CreatorUserId": "00000000-0000-0000-0000-000000000000",
        "Entitlements": [
            "H2_LEGACY_EXPANSION"
        ]
    },
    "Data": {
        "EnableSaving": true,
        "Entrances": [
            "783a0cba-fdc5-44e3-85a3-e16e14d3cd04",
            "494b9470-402f-4902-8770-46a470097ad7",
            "2c2a5173-db6c-40d8-9520-67b895aac2cc",
            "4b344092-e910-4c2f-80c8-9f2501e411bb",
            "0c848791-ae6e-4442-8bd9-9717e95d2a56",
            "18bcd289-eada-499d-821b-64d232da4cda",
            "37d5b96b-2c27-4d1b-a7e4-2fa290e6d2d6"
        ],
        "GameDifficulties": [
            {
                "Difficulty": "easy",
                "Bricks": [
                    "assembly:/_pro/scenes/missions/colombia/difficulty_easy_columbia_anaconda.brick"
                ]
            },
            {
                "Difficulty": "normal",
                "Bricks": []
            },
            {
                "Difficulty": "hard",
                "Bricks": [
                    "assembly:/_pro/scenes/missions/colombia/difficulty_hard_columbia_anaconda.brick"
                ]
            }
        ],
        "Bricks": [
            "assembly:/_pro/scenes/missions/colombia/mission_anaconda.brick"
        ],
        "DevOnlyBricks": [
            "assembly:/_pro/scenes/missions/colombia/dev_anaconda.brick"
        ],
        "GameChangers": [],
        "Objectives": [
            {
                "Id": "d84ad5f8-0312-4232-b65c-8cb2bdfff689",
                "Primary": true,
                "SuccessEvent": {
                    "EventName": "Kill",
                    "EventValues": {
                        "RepositoryId": "1e8bbf5a-473e-4b00-b58a-4706f13e497b"
                    }
                }
            },
            {
                "Id": "d61d68e2-1e72-4c50-9c65-f2106ae30a9d",
                "Category": "primary",
                "ObjectiveType": "custom",
                "Image": "images/unlockables/item_perspective_e5bde241-5958-496d-9d2d-39932fe93123_0.jpg",
                "ForceShowOnLoadingScreen": true,
                "BriefingName": "$loc UI_CONTRACT_ANACONDA_OBJ_DOCS_NAME",
                "BriefingText": "$loc UI_CONTRACT_ANACONDA_OBJ_DOCS_TEXT",
                "LongBriefingText": "$loc UI_CONTRACT_ANACONDA_OBJ_DOCS_LONG",
                "HUDTemplate": {
                    "display": "$loc UI_CONTRACT_ANACONDA_OBJ_DOCS_HUD",
                    "iconType": 17
                },
                "Type": "statemachine",
                "Definition": {
                    "Context": {
                        "Targets": [
                            "e5bde241-5958-496d-9d2d-39932fe93123"
                        ]
                    },
                    "States": {
                        "Start": {
                            "ItemPickedUp": {
                                "Condition": {
                                    "$eq": [
                                        "$Value.RepositoryId",
                                        "e5bde241-5958-496d-9d2d-39932fe93123"
                                    ]
                                },
                                "Transition": "Success"
                            }
                        }
                    }
                }
            },
            {
                "Id": "609a11a6-3c2a-4866-8904-cf0bab2e913e",
                "Primary": true,
                "SuccessEvent": {
                    "EventName": "Kill",
                    "EventValues": {
                        "RepositoryId": "238b7716-a7a4-42e2-a982-df81b4f76d05"
                    }
                }
            },
            {
                "Id": "b8ffc636-4f9a-49b5-8293-98839a6ca202",
                "ObjectiveType": "custom",
                "IgnoreIfInactive": true,
                "OnActive": {
                    "IfCompleted": {
                        "Visible": false
                    }
                },
                "OnInactive": {
                    "IfCompleted": {
                        "State": "Completed"
                    }
                },
                "Image": "images/contracts/whitespider/004_flu/Eliminate_Infected_Obj.jpg",
                "BriefingName": "$loc UI_CONTRACT_FLU_ELIMINATE_INFECTED_COUNT_HEAD",
                "BriefingText": "$loc UI_CONTRACT_FLU_ELIMINATE_INFECTED_OBJ",
                "Category": "primary",
                "HUDTemplate": {
                    "display": "$loc UI_CONTRACT_FLU_ELIMINATE_INFECTED_OBJ",
                    "iconType": 19
                },
                "Type": "statemachine",
                "Definition": {
                    "ContextListeners": {
                        "TargetsCounter": {
                            "type": "objective-counter",
                            "header": "UI_CONTRACT_FLU_ELIMINATE_INFECTED_COUNT_HEAD"
                        }
                    },
                    "Context": {
                        "KilledActors": [],
                        "Targets": [],
                        "TargetsCounter": 0
                    },
                    "States": {
                        "Start": {
                            "-": {
                                "Transition": "Success"
                            }
                        },
                        "Success": {
                            "TargetPicked": [
                                {
                                    "Condition": {
                                        "$not": {
                                            "$eq": [
                                                "1e8bbf5a-473e-4b00-b58a-4706f13e497b",
                                                "238b7716-a7a4-42e2-a982-df81b4f76d05"
                                            ]
                                        }
                                    },
                                    "Actions": {
                                        "$inc": "TargetsCounter",
                                        "$pushunique": [
                                            "Targets",
                                            "$Value.RepositoryId"
                                        ]
                                    },
                                    "Transition": "TargetPicked"
                                }
                            ]
                        },
                        "TargetPicked": {
                            "TargetPicked": [
                                {
                                    "Condition": {
                                        "$not": {
                                            "$eq": [
                                                "1e8bbf5a-473e-4b00-b58a-4706f13e497b",
                                                "238b7716-a7a4-42e2-a982-df81b4f76d05"
                                            ]
                                        }
                                    },
                                    "Actions": {
                                        "$inc": "TargetsCounter",
                                        "$pushunique": [
                                            "Targets",
                                            "$Value.RepositoryId"
                                        ]
                                    }
                                }
                            ],
                            "Kill": [
                                {
                                    "Actions": {
                                        "$pushunique": [
                                            "KilledActors",
                                            "$Value.RepositoryId"
                                        ]
                                    }
                                },
                                {
                                    "Actions": {
                                        "$dec": "TargetsCounter"
                                    },
                                    "Condition": {
                                        "$inarray": {
                                            "in": "$.Targets",
                                            "?": {
                                                "$eq": [
                                                    "$.#",
                                                    "$Value.RepositoryId"
                                                ]
                                            }
                                        }
                                    }
                                },
                                {
                                    "Condition": {
                                        "$all": {
                                            "in": "$.Targets",
                                            "?": {
                                                "$any": {
                                                    "in": "$.KilledActors",
                                                    "?": {
                                                        "$eq": [
                                                            "$.#",
                                                            "$.##"
                                                        ]
                                                    }
                                                }
                                            }
                                        }
                                    },
                                    "Transition": "Success"
                                }
                            ],
                            "ContractLoad": [
                                {
                                    "Actions": {
                                        "$set": [
                                            "TargetsCounter",
                                            "$.TargetsCounter"
                                        ]
                                    }
                                }
                            ]
                        }
                    }
                }
            },
            {
                "Id": "2c22eb96-bad8-4514-83c4-eece9c2c5988",
                "ObjectiveType": "custom",
                "IgnoreIfInactive": true,
                "OnActive": {
                    "IfInProgress": {
                        "Visible": false
                    },
                    "IfFailed": {
                        "Visible": false
                    },
                    "IfCompleted": {
                        "Visible": true
                    }
                },
                "Image": "images/contracts/whitespider/004_flu/Eliminate_Infected_Obj.jpg",
                "BriefingName": "$loc UI_CONTRACT_FLU_ELIMINATE_INFECTED_COUNT_HEAD",
                "BriefingText": "$loc UI_CONTRACT_FLU_ELIMINATE_INFECTED_OBJ",
                "ExcludeFromScoring": true,
                "Category": "secondary",
                "HUDTemplate": {
                    "display": "$loc UI_CONTRACT_FLU_ELIMINATE_INFECTED_OBJ",
                    "iconType": 19
                },
                "Type": "statemachine",
                "Definition": {
                    "ContextListeners": {
                        "TotalTargetsCounter": {
                            "type": "objective-counter",
                            "header": "UI_CONTRACT_FLU_ELIMINATE_INFECTED_COUNT_HEAD"
                        }
                    },
                    "Context": {
                        "TotalTargetsCounter": 0
                    },
                    "States": {
                        "Start": {
                            "TargetPicked": [
                                {
                                    "Actions": {
                                        "$inc": "TotalTargetsCounter"
                                    }
                                }
                            ],
                            "ContractLoad": [
                                {
                                    "Actions": {
                                        "$set": [
                                            "TotalTargetsCounter",
                                            "$.TotalTargetsCounter"
                                        ]
                                    }
                                }
                            ],
                            "ContractEnd": [
                                {
                                    "Transition": "Success"
                                }
                            ],
                            "exit_gate": [
                                {
                                    "Transition": "Success"
                                }
                            ]
                        }
                    }
                }
            },
            {
                "Id": "85745a86-a55a-4286-bff8-44a7960f87c8",
                "Type": "statemachine",
                "Category": "condition",
                "ExcludeFromScoring": true,
                "OnActive": {
                    "IfInProgress": {
                        "Visible": false
                    }
                },
                "Definition": {
                    "Scope": "session",
                    "Context": {},
                    "States": {
                        "Start": {
                            "47_Infected": {
                                "Transition": "Success"
                            }
                        }
                    }
                }
            },
            {
                "Id": "e98be877-94bb-40a8-959f-5353a7704825",
                "ObjectiveType": "custom",
                "IgnoreIfInactive": true,
                "OnActive": {
                    "IfCompleted": {
                        "Visible": false
                    }
                },
                "Activation": {
                    "$eq": [
                        "$85745a86-a55a-4286-bff8-44a7960f87c8",
                        "Completed"
                    ]
                },
                "Image": "images/contracts/whitespider/004_flu/WS_Flu_Obj_Antidote.jpg",
                "BriefingName": "$loc UI_CONTRACT_FLU_ANTIDOTE_TITLE",
                "BriefingText": "$loc UI_CONTRACT_FLU_ANTIDOTE_DESC",
                "Category": "primary",
                "HUDTemplate": {
                    "display": "$loc UI_CONTRACT_FLU_ANTIDOTE_OBJ"
                },
                "Type": "statemachine",
                "Definition": {
                    "Context": {
                        "Targets": [
                            "d940d53e-738c-4033-8bfd-c2ee28ae4e8a"
                        ]
                    },
                    "States": {
                        "Start": {
                            "-": {
                                "Transition": "Success"
                            }
                        },
                        "Success": {
                            "47_Infected": {
                                "Transition": "Get_Antidote"
                            }
                        },
                        "Get_Antidote": {
                            "47_Cured": {
                                "Transition": "Success"
                            },
                            "$timer": {
                                "Condition": {
                                    "$after": 300
                                },
                                "Transition": "Failure"
                            }
                        }
                    }
                }
            }
        ]
    },
    "UserData": {}
}