{
    "Data": {
        "Objectives": [
            {
                "Id": "e83a6cd4-37c6-446e-bc44-69d4b5744573",
                "Primary": true,
                "RepeatSuccess": 1,
                "RepeatFailed": 1,
                "SuccessEvent": {
                    "EventName": "Kill",
                    "EventValues": {
                        "RepositoryId": "23415c1d-6ee8-41a8-9975-523f3eede581"
                    }
                }
            },
            {
                "Id": "1205c3d1-42ab-49f3-b69f-07f16a1b9bf1",
                "Primary": true,
                "RepeatSuccess": 1,
                "RepeatFailed": 1,
                "SuccessEvent": {
                    "EventName": "Kill",
                    "EventValues": {
                        "RepositoryId": "4d0953f0-7f19-4130-abae-610a8f5dddca"
                    }
                }
            },
            {
                "Id": "341c93cc-05b5-45df-8b32-17ffa44e29ac",
                "Category": "primary",
                "ObjectiveType": "custom",
                "ForceShowOnLoadingScreen": true,
                "Image": "images/unlockables/item_perspective_74a4f6ee-b465-437c-bef9-3a67c9932853_0.jpg",
                "BriefingName": "$loc UI_CONTRACT_PYTHON_OBJ_DOCS_DESC_SHORT",
                "BriefingText": "$loc UI_CONTRACT_PYTHON_OBJ_DOCS_NAME",
                "LongBriefingText": "$loc UI_CONTRACT_PYTHON_OBJ_DOCS_DESC",
                "HUDTemplate": {
                    "display": "$loc UI_CONTRACT_PYTHON_OBJ_DOCS_NAME"
                },
                "Type": "statemachine",
                "Definition": {
                    "Context": {
                        "Targets": [
                            "74a4f6ee-b465-437c-bef9-3a67c9932853"
                        ]
                    },
                    "States": {
                        "Start": {
                            "ItemPickedUp": {
                                "Condition": {
                                    "$eq": [
                                        "$Value.RepositoryId",
                                        "74a4f6ee-b465-437c-bef9-3a67c9932853"
                                    ]
                                },
                                "Transition": "Success"
                            }
                        }
                    }
                }
            },
            {
                "Id": "b8ffc636-4f9a-49b5-8293-98839a6ca202",
                "ObjectiveType": "custom",
                "IgnoreIfInactive": true,
                "OnActive": {
                    "IfCompleted": {
                        "Visible": false
                    }
                },
                "OnInactive": {
                    "IfCompleted": {
                        "State": "Completed"
                    }
                },
                "Image": "images/contracts/whitespider/004_flu/Eliminate_Infected_Obj.jpg",
                "BriefingName": "$loc UI_CONTRACT_FLU_ELIMINATE_INFECTED_COUNT_HEAD",
                "BriefingText": "$loc UI_CONTRACT_FLU_ELIMINATE_INFECTED_OBJ",
                "Category": "primary",
                "HUDTemplate": {
                    "display": "$loc UI_CONTRACT_FLU_ELIMINATE_INFECTED_OBJ",
                    "iconType": 19
                },
                "Type": "statemachine",
                "Definition": {
                    "ContextListeners": {
                        "TargetsCounter": {
                            "type": "objective-counter",
                            "header": "UI_CONTRACT_FLU_ELIMINATE_INFECTED_COUNT_HEAD"
                        }
                    },
                    "Context": {
                        "KilledActors": [],
                        "Targets": [],
                        "TargetsCounter": 0
                    },
                    "States": {
                        "Start": {
                            "-": {
                                "Transition": "Success"
                            }
                        },
                        "Success": {
                            "TargetPicked": [
                                {
                                    "Condition": {
                                        "$not": {
                                            "$eq": [
                                                "23415c1d-6ee8-41a8-9975-523f3eede581",
                                                "4d0953f0-7f19-4130-abae-610a8f5dddca"
                                            ]
                                        }
                                    },
                                    "Actions": {
                                        "$inc": "TargetsCounter",
                                        "$pushunique": [
                                            "Targets",
                                            "$Value.RepositoryId"
                                        ]
                                    },
                                    "Transition": "TargetPicked"
                                }
                            ]
                        },
                        "TargetPicked": {
                            "TargetPicked": [
                                {
                                    "Condition": {
                                        "$not": {
                                            "$eq": [
                                                "23415c1d-6ee8-41a8-9975-523f3eede581",
                                                "4d0953f0-7f19-4130-abae-610a8f5dddca"
                                            ]
                                        }
                                    },
                                    "Actions": {
                                        "$inc": "TargetsCounter",
                                        "$pushunique": [
                                            "Targets",
                                            "$Value.RepositoryId"
                                        ]
                                    }
                                }
                            ],
                            "Kill": [
                                {
                                    "Actions": {
                                        "$pushunique": [
                                            "KilledActors",
                                            "$Value.RepositoryId"
                                        ]
                                    }
                                },
                                {
                                    "Actions": {
                                        "$dec": "TargetsCounter"
                                    },
                                    "Condition": {
                                        "$inarray": {
                                            "in": "$.Targets",
                                            "?": {
                                                "$eq": [
                                                    "$.#",
                                                    "$Value.RepositoryId"
                                                ]
                                            }
                                        }
                                    }
                                },
                                {
                                    "Condition": {
                                        "$all": {
                                            "in": "$.Targets",
                                            "?": {
                                                "$any": {
                                                    "in": "$.KilledActors",
                                                    "?": {
                                                        "$eq": [
                                                            "$.#",
                                                            "$.##"
                                                        ]
                                                    }
                                                }
                                            }
                                        }
                                    },
                                    "Transition": "Success"
                                }
                            ],
                            "ContractLoad": [
                                {
                                    "Actions": {
                                        "$set": [
                                            "TargetsCounter",
                                            "$.TargetsCounter"
                                        ]
                                    }
                                }
                            ]
                        }
                    }
                }
            },
            {
                "Id": "2c22eb96-bad8-4514-83c4-eece9c2c5988",
                "ObjectiveType": "custom",
                "IgnoreIfInactive": true,
                "OnActive": {
                    "IfInProgress": {
                        "Visible": false
                    },
                    "IfFailed": {
                        "Visible": false
                    },
                    "IfCompleted": {
                        "Visible": true
                    }
                },
                "Image": "images/contracts/whitespider/004_flu/Eliminate_Infected_Obj.jpg",
                "BriefingName": "$loc UI_CONTRACT_FLU_ELIMINATE_INFECTED_COUNT_HEAD",
                "BriefingText": "$loc UI_CONTRACT_FLU_ELIMINATE_INFECTED_OBJ",
                "ExcludeFromScoring": true,
                "Category": "secondary",
                "HUDTemplate": {
                    "display": "$loc UI_CONTRACT_FLU_ELIMINATE_INFECTED_OBJ",
                    "iconType": 19
                },
                "Type": "statemachine",
                "Definition": {
                    "ContextListeners": {
                        "TotalTargetsCounter": {
                            "type": "objective-counter",
                            "header": "UI_CONTRACT_FLU_ELIMINATE_INFECTED_COUNT_HEAD"
                        }
                    },
                    "Context": {
                        "TotalTargetsCounter": 0
                    },
                    "States": {
                        "Start": {
                            "TargetPicked": [
                                {
                                    "Actions": {
                                        "$inc": "TotalTargetsCounter"
                                    }
                                }
                            ],
                            "ContractLoad": [
                                {
                                    "Actions": {
                                        "$set": [
                                            "TotalTargetsCounter",
                                            "$.TotalTargetsCounter"
                                        ]
                                    }
                                }
                            ],
                            "ContractEnd": [
                                {
                                    "Transition": "Success"
                                }
                            ],
                            "exit_gate": [
                                {
                                    "Transition": "Success"
                                }
                            ]
                        }
                    }
                }
            },
            {
                "Id": "85745a86-a55a-4286-bff8-44a7960f87c8",
                "Type": "statemachine",
                "Category": "condition",
                "ExcludeFromScoring": true,
                "OnActive": {
                    "IfInProgress": {
                        "Visible": false
                    }
                },
                "Definition": {
                    "Scope": "session",
                    "Context": {},
                    "States": {
                        "Start": {
                            "47_Infected": {
                                "Transition": "Success"
                            }
                        }
                    }
                }
            },
            {
                "Id": "e98be877-94bb-40a8-959f-5353a7704825",
                "ObjectiveType": "custom",
                "IgnoreIfInactive": true,
                "OnActive": {
                    "IfCompleted": {
                        "Visible": false
                    }
                },
                "Activation": {
                    "$eq": [
                        "$85745a86-a55a-4286-bff8-44a7960f87c8",
                        "Completed"
                    ]
                },
                "Image": "images/contracts/whitespider/004_flu/WS_Flu_Obj_Antidote.jpg",
                "BriefingName": "$loc UI_CONTRACT_FLU_ANTIDOTE_TITLE",
                "BriefingText": "$loc UI_CONTRACT_FLU_ANTIDOTE_DESC",
                "Category": "primary",
                "HUDTemplate": {
                    "display": "$loc UI_CONTRACT_FLU_ANTIDOTE_OBJ"
                },
                "Type": "statemachine",
                "Definition": {
                    "Context": {
                        "Targets": [
                            "d940d53e-738c-4033-8bfd-c2ee28ae4e8a"
                        ]
                    },
                    "States": {
                        "Start": {
                            "-": {
                                "Transition": "Success"
                            }
                        },
                        "Success": {
                            "47_Infected": {
                                "Transition": "Get_Antidote"
                            }
                        },
                        "Get_Antidote": {
                            "47_Cured": {
                                "Transition": "Success"
                            },
                            "$timer": {
                                "Condition": {
                                    "$after": 300
                                },
                                "Transition": "Failure"
                            }
                        }
                    }
                }
            }
        ],
        "Bricks": [],
        "GameChangers": [],
        "Entrances": [
            "a20e45b9-172c-49e6-84a2-04da840bf90f"
        ],
        "Stashpoints": [
            "9c33f44b-71ca-46a4-aaa3-18d18e0c4335"
        ]
    },
    "Metadata": {
        "CreatorUserId": "7545ee96-063a-49b6-a1d9-9fc2656e565a",
        "Title": "UI_CONTRACT_PYTHON_TITLE",
        "CodeName_Hint": "Python",
        "Description": "UI_CONTRACT_PYTHON_DESC",
        "BriefingVideo": "briefing_python",
        "DebriefingVideo": "debriefing_python",
        "TileImage": "images/contracts/python/tile.jpg",
        "ScenePath": "assembly:/_PRO/Scenes/Missions/Marrakesh/_Scene_Mission_Python.entity",
        "Location": "LOCATION_MARRAKECH_NIGHT",
        "IsPublished": true,
        "Id": "ced93d8f-9535-425a-beb9-ef219e781e81",
        "CreationTimestamp": "2015-03-25T13:08:00.173Z",
        "LastUpdate": "2015-04-13T09:17:05.987Z",
        "Type": "flashback",
        "Release": "1.3.x",
        "Opportunities": [
            "d0b276d9-c32f-4d8e-8142-7f3b8622cd4f",
            "03115077-4641-410b-94be-5827c65601b8",
            "111ebeae-ba92-4570-a15c-ed1ce5589ef7",
            "ffab528c-0589-459e-83ef-ea38c9821806"
        ],
        "Entitlements": [
            "H1_LEGACY_STANDARD"
        ]
    },
    "UserData": {}
}