{
    "Data": {
        "EnableExits": {
            "$eq": [
                "$61f84f6b-4d48-41ba-8e7b-78c2d8e6e577",
                "$4ee36cfd-578d-4d42-b03a-61a2d7fed492",
                "Completed"
            ]
        },
        "Objectives": [
            {
                "_comment": "----- Eliminate Zoe Washington -----",
                "Id": "61f84f6b-4d48-41ba-8e7b-78c2d8e6e577",
                "Primary": true,
                "Image": "images/actors/Magpie_Zoe_Washington.jpg",
                "BriefingName": "$loc UI_CONTRACT_MAGPIE_ZOE_NAME",
                "BriefingText": "$loc UI_CONTRACT_MAGPIE_ZOE_OBJ",
                "HUDTemplate": {
                    "display": "$loc UI_CONTRACT_MAGPIE_ZOE_OBJ"
                },
                "DisplayAsKillObjective": true,
                "SuccessEvent": {
                    "EventName": "Kill",
                    "EventValues": {
                        "RepositoryId": "7eb39f2d-1030-44d2-be82-6df608085ec0"
                    }
                }
            },
            {
                "_comment": "----- Eliminate Serena Washington -----",
                "Id": "4ee36cfd-578d-4d42-b03a-61a2d7fed492",
                "Primary": true,
                "Image": "images/actors/Magpie_Serena_Washington.jpg",
                "BriefingName": "$loc UI_CONTRACT_MAGPIE_SERENA_NAME",
                "BriefingText": "$loc UI_CONTRACT_MAGPIE_SERENA_OBJ",
                "HUDTemplate": {
                    "display": "$loc UI_CONTRACT_MAGPIE_SERENA_OBJ"
                },
                "DisplayAsKillObjective": true,
                "SuccessEvent": {
                    "EventName": "Kill",
                    "EventValues": {
                        "RepositoryId": "67f39ab8-c25f-48c3-84be-0ec495a553ec"
                    }
                }
            },
            {
                "_comment": "----- [HIDDEN] Do not Eliminate The Constant -----",
                "Id": "a50652e6-eccb-4491-97ea-d03ca15b11a0",
                "Primary": true,
                "ObjectiveType": "custom",
                "ForceShowOnLoadingScreen": true,
                "ExcludeFromScoring": true,
                "OnActive": {
                    "IfFailure": {
                        "Visible": true
                    }
                },
                "Image": "images/actors/Magpie_The_Constant.jpg",
                "BriefingName": "$loc UI_CONTRACT_MAGPIE_CONSTANT_NAME",
                "BriefingText": "$loc UI_CONTRACT_MAGPIE_CONSTANT_OBJ",
                "HUDTemplate": {
                    "display": "$loc UI_CONTRACT_MAGPIE_CONSTANT_OBJ",
                    "iconType": 17
                },
                "Type": "statemachine",
                "Definition": {
                    "display": {
                        "iconType": 17
                    },
                    "Scope": "session",
                    "States": {
                        "Start": {
                            "Constant_Down": {
                                "Transition": "Failure"
                            }
                        }
                    }
                }
            },
            {
                "Id": "0b6010b3-988f-4066-90ff-1f872128aff4",
                "Type": "statemachine",
                "Category": "condition",
                "ExcludeFromScoring": true,
                "Definition": {
                    "Scope": "session",
                    "Context": {},
                    "States": {
                        "Start": {
                            "ActivateConstantObjective": {
                                "Transition": "Success"
                            }
                        }
                    }
                }
            },
            {
                "_comment": "----- [OPTIONAL] Help Grey Kidnap The Constant -----",
                "Id": "9eb900f5-4d1e-4464-8ea9-1a9df6b869d0",
                "Category": "secondary",
                "UpdateActivationWhileCompleted": false,
                "IgnoreIfInactive": true,
                "ExcludeFromScoring": true,
                "OnInactive": {
                    "IfCompleted": {
                        "State": "Completed",
                        "Visible": false
                    }
                },
                "Activation": {
                    "$eq": [
                        "$0b6010b3-988f-4066-90ff-1f872128aff4",
                        "Completed"
                    ]
                },
                "OnActive": {
                    "IfCompleted": {
                        "Visible": true
                    }
                },
                "ObjectiveType": "custom",
                "Image": "images/actors/Magpie_The_Constant.jpg",
                "BriefingName": "$loc UI_CONTRACT_MAGPIE_CONSTANT_NAME",
                "BriefingText": "$loc UI_CONTRACT_MAGPIE_KIDNAP_CONSTANT_OBJ",
                "HUDTemplate": {
                    "display": "$loc UI_CONTRACT_MAGPIE_KIDNAP_CONSTANT_OBJ",
                    "iconType": 17
                },
                "Type": "statemachine",
                "Definition": {
                    "display": {
                        "iconType": 17
                    },
                    "Scope": "session",
                    "States": {
                        "Start": {
                            "ActivateConstantObjective": {
                                "Transition": "SecureConstant"
                            }
                        },
                        "SecureConstant": {
                            "ConstantSecured": {
                                "Transition": "Success"
                            }
                        }
                    }
                }
            },
            {
                "_comment": "----- The Constant Escaped -----",
                "Id": "5ff67d0f-9fcc-4775-ad60-364e69571388",
                "Category": "primary",
                "ExcludeFromScoring": true,
                "OnActive": {
                    "IfCompleted": {
                        "Visible": false
                    }
                },
                "BriefingText": "$loc UI_CONTRACT_MAGPIE_CONSTANT_ESCAPED_OBJ",
                "HUDTemplate": {
                    "display": "$loc UI_CONTRACT_MAGPIE_CONSTANT_ESCAPED_OBJ",
                    "iconType": 17
                },
                "Type": "statemachine",
                "Definition": {
                    "Context": {},
                    "display": {
                        "iconType": 17
                    },
                    "States": {
                        "Start": {
                            "-": {
                                "Transition": "Success"
                            }
                        },
                        "Success": {
                            "ConstantOnChopper": {
                                "Transition": "EscapeCountdownStart"
                            }
                        },
                        "EscapeCountdownStart": {
                            "BothTwinsDead": {
                                "Transition": "Success"
                            },
                            "$timer": {
                                "Condition": {
                                    "$after": 300
                                },
                                "Transition": "Failure"
                            }
                        }
                    }
                }
            },
            {
                "Id": "b8ffc636-4f9a-49b5-8293-98839a6ca202",
                "ObjectiveType": "custom",
                "IgnoreIfInactive": true,
                "OnActive": {
                    "IfCompleted": {
                        "Visible": false
                    }
                },
                "OnInactive": {
                    "IfCompleted": {
                        "State": "Completed"
                    }
                },
                "Image": "images/contracts/whitespider/004_flu/Eliminate_Infected_Obj.jpg",
                "BriefingName": "$loc UI_CONTRACT_FLU_ELIMINATE_INFECTED_COUNT_HEAD",
                "BriefingText": "$loc UI_CONTRACT_FLU_ELIMINATE_INFECTED_OBJ",
                "Category": "primary",
                "HUDTemplate": {
                    "display": "$loc UI_CONTRACT_FLU_ELIMINATE_INFECTED_OBJ",
                    "iconType": 19
                },
                "Type": "statemachine",
                "Definition": {
                    "ContextListeners": {
                        "TargetsCounter": {
                            "type": "objective-counter",
                            "header": "UI_CONTRACT_FLU_ELIMINATE_INFECTED_COUNT_HEAD"
                        }
                    },
                    "Context": {
                        "KilledActors": [],
                        "Targets": [],
                        "TargetsCounter": 0
                    },
                    "States": {
                        "Start": {
                            "-": {
                                "Transition": "Success"
                            }
                        },
                        "Success": {
                            "TargetPicked": [
                                {
                                    "Condition": {
                                        "$not": {
                                            "$eq": [
                                                "7eb39f2d-1030-44d2-be82-6df608085ec0",
                                                "67f39ab8-c25f-48c3-84be-0ec495a553ec"
                                            ]
                                        }
                                    },
                                    "Actions": {
                                        "$inc": "TargetsCounter",
                                        "$pushunique": [
                                            "Targets",
                                            "$Value.RepositoryId"
                                        ]
                                    },
                                    "Transition": "TargetPicked"
                                }
                            ]
                        },
                        "TargetPicked": {
                            "TargetPicked": [
                                {
                                    "Condition": {
                                        "$not": {
                                            "$eq": [
                                                "7eb39f2d-1030-44d2-be82-6df608085ec0",
                                                "67f39ab8-c25f-48c3-84be-0ec495a553ec"
                                            ]
                                        }
                                    },
                                    "Actions": {
                                        "$inc": "TargetsCounter",
                                        "$pushunique": [
                                            "Targets",
                                            "$Value.RepositoryId"
                                        ]
                                    }
                                }
                            ],
                            "Kill": [
                                {
                                    "Actions": {
                                        "$pushunique": [
                                            "KilledActors",
                                            "$Value.RepositoryId"
                                        ]
                                    }
                                },
                                {
                                    "Actions": {
                                        "$dec": "TargetsCounter"
                                    },
                                    "Condition": {
                                        "$inarray": {
                                            "in": "$.Targets",
                                            "?": {
                                                "$eq": [
                                                    "$.#",
                                                    "$Value.RepositoryId"
                                                ]
                                            }
                                        }
                                    }
                                },
                                {
                                    "Condition": {
                                        "$all": {
                                            "in": "$.Targets",
                                            "?": {
                                                "$any": {
                                                    "in": "$.KilledActors",
                                                    "?": {
                                                        "$eq": [
                                                            "$.#",
                                                            "$.##"
                                                        ]
                                                    }
                                                }
                                            }
                                        }
                                    },
                                    "Transition": "Success"
                                }
                            ],
                            "ContractLoad": [
                                {
                                    "Actions": {
                                        "$set": [
                                            "TargetsCounter",
                                            "$.TargetsCounter"
                                        ]
                                    }
                                }
                            ]
                        }
                    }
                }
            },
            {
                "Id": "2c22eb96-bad8-4514-83c4-eece9c2c5988",
                "ObjectiveType": "custom",
                "IgnoreIfInactive": true,
                "OnActive": {
                    "IfInProgress": {
                        "Visible": false
                    },
                    "IfFailed": {
                        "Visible": false
                    },
                    "IfCompleted": {
                        "Visible": true
                    }
                },
                "Image": "images/contracts/whitespider/004_flu/Eliminate_Infected_Obj.jpg",
                "BriefingName": "$loc UI_CONTRACT_FLU_ELIMINATE_INFECTED_COUNT_HEAD",
                "BriefingText": "$loc UI_CONTRACT_FLU_ELIMINATE_INFECTED_OBJ",
                "ExcludeFromScoring": true,
                "Category": "secondary",
                "HUDTemplate": {
                    "display": "$loc UI_CONTRACT_FLU_ELIMINATE_INFECTED_OBJ",
                    "iconType": 19
                },
                "Type": "statemachine",
                "Definition": {
                    "ContextListeners": {
                        "TotalTargetsCounter": {
                            "type": "objective-counter",
                            "header": "UI_CONTRACT_FLU_ELIMINATE_INFECTED_COUNT_HEAD"
                        }
                    },
                    "Context": {
                        "TotalTargetsCounter": 0
                    },
                    "States": {
                        "Start": {
                            "TargetPicked": [
                                {
                                    "Actions": {
                                        "$inc": "TotalTargetsCounter"
                                    }
                                }
                            ],
                            "ContractLoad": [
                                {
                                    "Actions": {
                                        "$set": [
                                            "TotalTargetsCounter",
                                            "$.TotalTargetsCounter"
                                        ]
                                    }
                                }
                            ],
                            "ContractEnd": [
                                {
                                    "Transition": "Success"
                                }
                            ],
                            "exit_gate": [
                                {
                                    "Transition": "Success"
                                }
                            ]
                        }
                    }
                }
            },
            {
                "Id": "85745a86-a55a-4286-bff8-44a7960f87c8",
                "Type": "statemachine",
                "Category": "condition",
                "ExcludeFromScoring": true,
                "OnActive": {
                    "IfInProgress": {
                        "Visible": false
                    }
                },
                "Definition": {
                    "Scope": "session",
                    "Context": {},
                    "States": {
                        "Start": {
                            "47_Infected": {
                                "Transition": "Success"
                            }
                        }
                    }
                }
            },
            {
                "Id": "e98be877-94bb-40a8-959f-5353a7704825",
                "ObjectiveType": "custom",
                "IgnoreIfInactive": true,
                "OnActive": {
                    "IfCompleted": {
                        "Visible": false
                    }
                },
                "Activation": {
                    "$eq": [
                        "$85745a86-a55a-4286-bff8-44a7960f87c8",
                        "Completed"
                    ]
                },
                "Image": "images/contracts/whitespider/004_flu/WS_Flu_Obj_Antidote.jpg",
                "BriefingName": "$loc UI_CONTRACT_FLU_ANTIDOTE_TITLE",
                "BriefingText": "$loc UI_CONTRACT_FLU_ANTIDOTE_DESC",
                "Category": "primary",
                "HUDTemplate": {
                    "display": "$loc UI_CONTRACT_FLU_ANTIDOTE_OBJ"
                },
                "Type": "statemachine",
                "Definition": {
                    "Context": {
                        "Targets": [
                            "d940d53e-738c-4033-8bfd-c2ee28ae4e8a"
                        ]
                    },
                    "States": {
                        "Start": {
                            "-": {
                                "Transition": "Success"
                            }
                        },
                        "Success": {
                            "47_Infected": {
                                "Transition": "Get_Antidote"
                            }
                        },
                        "Get_Antidote": {
                            "47_Cured": {
                                "Transition": "Success"
                            },
                            "$timer": {
                                "Condition": {
                                    "$after": 300
                                },
                                "Transition": "Failure"
                            }
                        }
                    }
                }
            }
        ],
        "Bricks": [
            "assembly:/_PRO/scenes/missions/theark/mission_magpie.brick"
        ],
        "DevOnlyBricks": [
            "assembly:/_PRO/scenes/missions/theark/dev_magpie.brick"
        ],
        "VR": [
            {
                "Quality": "base",
                "Bricks": [
                    "assembly:/_pro/Scenes/Bricks/vr_setup.brick",
                    "assembly:/_pro/scenes/missions/theark/vr_overrides_magpie.brick",
                    "assembly:/_pro/scenes/missions/theark/vr_overrides_ps4perf.brick"
                ]
            },
            {
                "Quality": "better",
                "Bricks": [
                    "assembly:/_pro/Scenes/Bricks/vr_setup.brick",
                    "assembly:/_pro/scenes/missions/theark/vr_overrides_magpie.brick"
                ]
            }
        ],
        "GameChangers": [],
        "GameChangerReferences": [],
        "GameDifficulties": [
            {
                "Difficulty": "easy",
                "Bricks": [
                    "assembly:/_pro/scenes/missions/theark/difficulty_easy_northsea_magpie.brick"
                ]
            },
            {
                "Difficulty": "normal",
                "Bricks": []
            },
            {
                "Difficulty": "hard",
                "Bricks": [
                    "assembly:/_pro/scenes/missions/theark/difficulty_hard_northsea_magpie.brick"
                ]
            }
        ],
        "SimulationQualities": [
            {
                "Quality": "better",
                "Bricks": [
                    "assembly:/_pro/scenes/missions/theark/intel_6core_magpie.brick"
                ]
            },
            {
                "Quality": "best",
                "Bricks": [
                    "assembly:/_pro/scenes/missions/theark/intel_8core_magpie.brick"
                ]
            }
        ]
    },
    "Metadata": {
        "Id": "0d225edf-40cd-4f20-a30f-b62a373801d3",
        "IsPublished": true,
        "TileImage": "images/contracts/magpie/tile.jpg",
        "BriefingVideo": "briefing_magpie",
        "DebriefingVideo": "debriefing_magpie",
        "CreationTimestamp": "2017-03-27T11:49:25.5705635+02:00",
        "CreatorUserId": "00000000-0000-0000-0000-000000000000",
        "Title": "UI_CONTRACT_MAGPIE_TITLE",
        "Description": "UI_CONTRACT_MAGPIE_DESC",
        "CodeName_Hint": "Magpie",
        "Location": "LOCATION_NORTHSEA",
        "ScenePath": "assembly:/_pro/scenes/missions/theark/scene_magpie.entity",
        "Type": "mission",
        "Release": "2.5.x",
        "RequiredUnlockable": "ACCESS_HIT_MAGPIE",
        "Opportunities": [
            "7df5f11d-c5b6-4ac4-a333-17a6eb7675fe",
            "1f3ff756-86e9-4a05-96be-79b0b0afd832",
            "78009af6-e504-4d79-9cc4-5c058f1d8d09",
            "13ac726b-cf6d-4452-86b8-de51ab24f09f",
            "5df965c0-ac44-4c15-8aeb-cc3bef6a8cf7",
            "875f9f6c-fa12-4661-988f-134d58ab3d85"
        ],
        "Drops": [
            "ACCESS_HIT_S2_CONCLUSION"
        ],
        "Entitlements": [
            "H2_LEGACY_STANDARD"
        ]
    },
    "UserData": null
}