{
    "Data": {
        "Objectives": [
            {
                "_comment": "----- Enter House -----",
                "Id": "2022ec96-b328-4aa7-a309-507fd263b235",
                "Category": "primary",
                "ExcludeFromScoring": true,
                "ObjectiveType": "custom",
                "ForceShowOnLoadingScreen": true,
                "Image": "images/actors/Sheep_Enter_House.jpg",
                "BriefingName": "$loc UI_CONTRACT_SHEEP_ENTER_NAME",
                "BriefingText": "$loc UI_CONTRACT_SHEEP_ENTER_DESC",
                "LongBriefingText": "$loc UI_CONTRACT_SHEEP_ENTER_LONGDESC",
                "HUDTemplate": {
                    "display": "$loc UI_CONTRACT_SHEEP_ENTER_NAME",
                    "iconType": 17
                },
                "Type": "statemachine",
                "Definition": {
                    "States": {
                        "Start": {
                            "HouseEnteredEvent": {
                                "Transition": "Success"
                            }
                        }
                    }
                }
            },
            {
                "_comment": "----- Gather intel -----",
                "Id": "55b42190-ab18-404e-8686-b60358dea1d4",
                "Category": "primary",
                "Primary": true,
                "ExcludeFromScoring": true,
                "ObjectiveType": "custom",
                "UpdateActivationWhileCompleted": true,
                "ForceShowOnLoadingScreen": true,
                "Image": "images/actors/Sheep_Gather_Intel.jpg",
                "BriefingName": "$loc UI_CONTRACT_SHEEP_INTEL_NAME",
                "BriefingText": "$loc UI_CONTRACT_SHEEP_INTEL_DESC",
                "LongBriefingText": "$loc UI_CONTRACT_SHEEP_INTEL_LONGDESC",
                "HUDTemplate": {
                    "display": "$loc UI_CONTRACT_SHEEP_INTEL_NAME",
                    "iconType": 17
                },
                "Activation": {
                    "$eq": [
                        "$2022ec96-b328-4aa7-a309-507fd263b235",
                        "Completed"
                    ]
                },
                "Type": "statemachine",
                "Definition": {
                    "States": {
                        "Start": {
                            "IntelGatheredEvent": {
                                "Transition": "Success"
                            }
                        }
                    }
                },
                "OnInactive": {
                    "IfCompleted": {
                        "State": "Completed",
                        "Visible": false
                    }
                },
                "OnActive": {
                    "IfCompleted": {
                        "Visible": true
                    }
                }
            },
            {
                "_comment": "----- Kill Alma Reynard -----",
                "Id": "1549db56-76e0-4ba2-a6f0-124e67f01508",
                "UpdateActivationWhileCompleted": true,
                "Primary": true,
                "Activation": {
                    "$eq": [
                        "$55b42190-ab18-404e-8686-b60358dea1d4",
                        "Completed"
                    ]
                },
                "SuccessEvent": {
                    "EventName": "Kill",
                    "EventValues": {
                        "RepositoryId": "9e85c891-9eb7-4f3c-8115-896bf54d979b"
                    }
                },
                "OnInactive": {
                    "IfCompleted": {
                        "State": "Completed",
                        "Visible": false
                    }
                },
                "OnActive": {
                    "IfCompleted": {
                        "Visible": true
                    }
                }
            },
            {
                "Id": "cd22dabc-529c-4576-b05e-1158dce4e0e1",
                "Primary": true,
                "SuccessEvent": {
                    "EventName": "Kill",
                    "EventValues": {
                        "RepositoryId": "293579a3-b1d9-415a-ad3f-9f876892d9b1"
                    }
                }
            },
            {
                "Id": "b8ffc636-4f9a-49b5-8293-98839a6ca202",
                "ObjectiveType": "custom",
                "IgnoreIfInactive": true,
                "OnActive": {
                    "IfCompleted": {
                        "Visible": false
                    }
                },
                "OnInactive": {
                    "IfCompleted": {
                        "State": "Completed"
                    }
                },
                "Image": "images/contracts/whitespider/004_flu/Eliminate_Infected_Obj.jpg",
                "BriefingName": "$loc UI_CONTRACT_FLU_ELIMINATE_INFECTED_COUNT_HEAD",
                "BriefingText": "$loc UI_CONTRACT_FLU_ELIMINATE_INFECTED_OBJ",
                "Category": "primary",
                "HUDTemplate": {
                    "display": "$loc UI_CONTRACT_FLU_ELIMINATE_INFECTED_OBJ",
                    "iconType": 19
                },
                "Type": "statemachine",
                "Definition": {
                    "ContextListeners": {
                        "TargetsCounter": {
                            "type": "objective-counter",
                            "header": "UI_CONTRACT_FLU_ELIMINATE_INFECTED_COUNT_HEAD"
                        }
                    },
                    "Context": {
                        "KilledActors": [],
                        "Targets": [],
                        "TargetsCounter": 0
                    },
                    "States": {
                        "Start": {
                            "-": {
                                "Transition": "Success"
                            }
                        },
                        "Success": {
                            "TargetPicked": [
                                {
                                    "Condition": {
                                        "$not": {
                                            "$eq": [
                                                "9e85c891-9eb7-4f3c-8115-896bf54d979b",
                                                "293579a3-b1d9-415a-ad3f-9f876892d9b1"
                                            ]
                                        }
                                    },
                                    "Actions": {
                                        "$inc": "TargetsCounter",
                                        "$pushunique": [
                                            "Targets",
                                            "$Value.RepositoryId"
                                        ]
                                    },
                                    "Transition": "TargetPicked"
                                }
                            ]
                        },
                        "TargetPicked": {
                            "TargetPicked": [
                                {
                                    "Condition": {
                                        "$not": {
                                            "$eq": [
                                                "9e85c891-9eb7-4f3c-8115-896bf54d979b",
                                                "293579a3-b1d9-415a-ad3f-9f876892d9b1"
                                            ]
                                        }
                                    },
                                    "Actions": {
                                        "$inc": "TargetsCounter",
                                        "$pushunique": [
                                            "Targets",
                                            "$Value.RepositoryId"
                                        ]
                                    }
                                }
                            ],
                            "Kill": [
                                {
                                    "Actions": {
                                        "$pushunique": [
                                            "KilledActors",
                                            "$Value.RepositoryId"
                                        ]
                                    }
                                },
                                {
                                    "Actions": {
                                        "$dec": "TargetsCounter"
                                    },
                                    "Condition": {
                                        "$inarray": {
                                            "in": "$.Targets",
                                            "?": {
                                                "$eq": [
                                                    "$.#",
                                                    "$Value.RepositoryId"
                                                ]
                                            }
                                        }
                                    }
                                },
                                {
                                    "Condition": {
                                        "$all": {
                                            "in": "$.Targets",
                                            "?": {
                                                "$any": {
                                                    "in": "$.KilledActors",
                                                    "?": {
                                                        "$eq": [
                                                            "$.#",
                                                            "$.##"
                                                        ]
                                                    }
                                                }
                                            }
                                        }
                                    },
                                    "Transition": "Success"
                                }
                            ],
                            "ContractLoad": [
                                {
                                    "Actions": {
                                        "$set": [
                                            "TargetsCounter",
                                            "$.TargetsCounter"
                                        ]
                                    }
                                }
                            ]
                        }
                    }
                }
            },
            {
                "Id": "2c22eb96-bad8-4514-83c4-eece9c2c5988",
                "ObjectiveType": "custom",
                "IgnoreIfInactive": true,
                "OnActive": {
                    "IfInProgress": {
                        "Visible": false
                    },
                    "IfFailed": {
                        "Visible": false
                    },
                    "IfCompleted": {
                        "Visible": true
                    }
                },
                "Image": "images/contracts/whitespider/004_flu/Eliminate_Infected_Obj.jpg",
                "BriefingName": "$loc UI_CONTRACT_FLU_ELIMINATE_INFECTED_COUNT_HEAD",
                "BriefingText": "$loc UI_CONTRACT_FLU_ELIMINATE_INFECTED_OBJ",
                "ExcludeFromScoring": true,
                "Category": "secondary",
                "HUDTemplate": {
                    "display": "$loc UI_CONTRACT_FLU_ELIMINATE_INFECTED_OBJ",
                    "iconType": 19
                },
                "Type": "statemachine",
                "Definition": {
                    "ContextListeners": {
                        "TotalTargetsCounter": {
                            "type": "objective-counter",
                            "header": "UI_CONTRACT_FLU_ELIMINATE_INFECTED_COUNT_HEAD"
                        }
                    },
                    "Context": {
                        "TotalTargetsCounter": 0
                    },
                    "States": {
                        "Start": {
                            "TargetPicked": [
                                {
                                    "Actions": {
                                        "$inc": "TotalTargetsCounter"
                                    }
                                }
                            ],
                            "ContractLoad": [
                                {
                                    "Actions": {
                                        "$set": [
                                            "TotalTargetsCounter",
                                            "$.TotalTargetsCounter"
                                        ]
                                    }
                                }
                            ],
                            "ContractEnd": [
                                {
                                    "Transition": "Success"
                                }
                            ],
                            "exit_gate": [
                                {
                                    "Transition": "Success"
                                }
                            ]
                        }
                    }
                }
            },
            {
                "Id": "85745a86-a55a-4286-bff8-44a7960f87c8",
                "Type": "statemachine",
                "Category": "condition",
                "ExcludeFromScoring": true,
                "OnActive": {
                    "IfInProgress": {
                        "Visible": false
                    }
                },
                "Definition": {
                    "Scope": "session",
                    "Context": {},
                    "States": {
                        "Start": {
                            "47_Infected": {
                                "Transition": "Success"
                            }
                        }
                    }
                }
            },
            {
                "Id": "e98be877-94bb-40a8-959f-5353a7704825",
                "ObjectiveType": "custom",
                "IgnoreIfInactive": true,
                "OnActive": {
                    "IfCompleted": {
                        "Visible": false
                    }
                },
                "Activation": {
                    "$eq": [
                        "$85745a86-a55a-4286-bff8-44a7960f87c8",
                        "Completed"
                    ]
                },
                "Image": "images/contracts/whitespider/004_flu/WS_Flu_Obj_Antidote.jpg",
                "BriefingName": "$loc UI_CONTRACT_FLU_ANTIDOTE_TITLE",
                "BriefingText": "$loc UI_CONTRACT_FLU_ANTIDOTE_DESC",
                "Category": "primary",
                "HUDTemplate": {
                    "display": "$loc UI_CONTRACT_FLU_ANTIDOTE_OBJ"
                },
                "Type": "statemachine",
                "Definition": {
                    "Context": {
                        "Targets": [
                            "d940d53e-738c-4033-8bfd-c2ee28ae4e8a"
                        ]
                    },
                    "States": {
                        "Start": {
                            "-": {
                                "Transition": "Success"
                            }
                        },
                        "Success": {
                            "47_Infected": {
                                "Transition": "Get_Antidote"
                            }
                        },
                        "Get_Antidote": {
                            "47_Cured": {
                                "Transition": "Success"
                            },
                            "$timer": {
                                "Condition": {
                                    "$after": 300
                                },
                                "Transition": "Failure"
                            }
                        }
                    }
                }
            }
        ],
        "Bricks": [
            "assembly:/_PRO/scenes/missions/sheep/mission_sheep.brick"
        ],
        "DevOnlyBricks": [
            "assembly:/_PRO/scenes/missions/sheep/dev_sheep.brick"
        ],
        "VR": [
            {
                "Quality": "base",
                "Bricks": [
                    "assembly:/_pro/Scenes/Bricks/vr_setup.brick",
                    "assembly:/_pro/scenes/missions/sheep/vr_overrides_sheep_2.brick",
                    "assembly:/_pro/scenes/missions/sheep/vr_overrides_sheep.brick"
                ]
            }
        ],
        "GameChangers": [],
        "GameChangerReferences": [],
        "GameDifficulties": [
            {
                "Difficulty": "easy",
                "Bricks": [
                    "assembly:/_pro/scenes/missions/sheep/difficulty_easy_newzealand_sheep.brick"
                ]
            },
            {
                "Difficulty": "normal",
                "Bricks": []
            },
            {
                "Difficulty": "hard",
                "Bricks": [
                    "assembly:/_pro/scenes/missions/sheep/difficulty_hard_newzealand_sheep.brick"
                ]
            }
        ],
        "SimulationQualities": [
            {
                "Quality": "better",
                "Bricks": [
                    "assembly:/_pro/scenes/missions/sheep/intel_6core_sheep.brick"
                ]
            },
            {
                "Quality": "best",
                "Bricks": [
                    "assembly:/_pro/scenes/missions/sheep/intel_8core_sheep.brick"
                ]
            }
        ]
    },
    "Metadata": {
        "Id": "c65019e5-43a8-4a33-8a2a-84c750a5eeb3",
        "IsPublished": true,
        "TileImage": "images/contracts/sheep/tile.jpg",
        "DebriefingVideo": "debriefing_sheep",
        "CreationTimestamp": "2017-11-28T14:51:25.5705635+01:00",
        "CreatorUserId": "00000000-0000-0000-0000-000000000000",
        "Title": "UI_CONTRACT_SHEEP_TITLE",
        "Description": "UI_CONTRACT_SHEEP_DESC",
        "CodeName_Hint": "Sheep",
        "Location": "LOCATION_NEWZEALAND",
        "ScenePath": "assembly:/_pro/scenes/missions/sheep/scene_sheep.entity",
        "Type": "mission",
        "Release": "2.2.x",
        "Drops": [
            "ACCESS_HIT_FLAMINGO"
        ],
        "Entitlements": [
            "H2_LEGACY_STANDARD"
        ]
    },
    "UserData": null
}