{
    "Data": {
        "EnableExits": {
            "$eq": [
                "$b6dae5cd-31f7-4c81-8ccb-b0b9c58c791d",
                "$a8412294-ed08-4b43-bce0-742962bcdfef",
                "Completed"
            ]
        },
        "EnableSaving": true,
        "Objectives": [
            {
                "_comment": "----- Kill CEO -----",
                "Id": "a8412294-ed08-4b43-bce0-742962bcdfef",
                "Category": "primary",
                "SuccessEvent": {
                    "EventName": "Kill",
                    "EventValues": {
                        "RepositoryId": "ad93e268-3d6e-4aba-bec0-607cb5451ac7"
                    }
                }
            },
            {
                "_comment": "----- Get McGuffin -----",
                "Id": "b6dae5cd-31f7-4c81-8ccb-b0b9c58c791d",
                "UpdateActivationWhileCompleted": true,
                "Category": "primary",
                "Primary": true,
                "ObjectiveType": "custom",
                "ExcludeFromScoring": true,
                "ForceShowOnLoadingScreen": true,
                "Image": "images/actors/raccoon-gather-intel.jpg",
                "BriefingName": "$loc UI_CONTRACT_RACCOON_OBJ_MCGUFFIN_TITLE",
                "BriefingText": "$loc UI_CONTRACT_RACCOON_OBJ_MCGUFFIN_DESC",
                "LongBriefingText": "$loc UI_CONTRACT_RACCOON_OBJ_MCGUFFIN_BRIEFING",
                "HUDTemplate": {
                    "display": "$loc UI_CONTRACT_RACCOON_OBJ_MCGUFFIN_TITLE",
                    "iconType": 17
                },
                "Type": "statemachine",
                "Scope": "session",
                "Definition": {
                    "ContextListeners": {
                        "update_counter": {
                            "type": "custom",
                            "HUDTemplate": {
                                "display": {
                                    "$loc": {
                                        "key": "UI_CONTRACT_RACCOON_OBJ_MCGUFFIN_DYNAMIC",
                                        "data": [
                                            "$.Core",
                                            "$.Disks"
                                        ]
                                    }
                                },
                                "iconType": 17
                            }
                        }
                    },
                    "Context": {
                        "Core": "$loc UI_CONTRACT_RACCOON_OBJ_MCGUFFIN_CORE_GET",
                        "Disks": "$loc UI_CONTRACT_RACCOON_OBJ_MCGUFFIN_DISK_0",
                        "Core_Get": "$loc UI_CONTRACT_RACCOON_OBJ_MCGUFFIN_CORE_GET",
                        "Core_Got": "$loc UI_CONTRACT_RACCOON_OBJ_MCGUFFIN_CORE_GOT",
                        "Disk_0": "$loc UI_CONTRACT_RACCOON_OBJ_MCGUFFIN_DISK_0",
                        "Disk_1": "$loc UI_CONTRACT_RACCOON_OBJ_MCGUFFIN_DISK_1",
                        "Disk_2": "$loc UI_CONTRACT_RACCOON_OBJ_MCGUFFIN_DISK_2",
                        "PieceCounter": 0,
                        "update_counter": 0
                    },
                    "States": {
                        "Start": {
                            "-": {
                                "Actions": {
                                    "$inc": "update_counter"
                                }
                            },
                            "DiskPieceFound": {
                                "Actions": {
                                    "$inc": "PieceCounter"
                                },
                                "Transition": "DiskText"
                            },
                            "McGuffinGotEvent": {
                                "Actions": {
                                    "$set": [
                                        "Core",
                                        "$.Core_Got"
                                    ]
                                },
                                "Transition": "Success"
                            }
                        },
                        "DiskText": {
                            "-": [
                                {
                                    "Condition": {
                                        "$eq": [
                                            "$.PieceCounter",
                                            0
                                        ]
                                    },
                                    "Actions": {
                                        "$set": [
                                            "Disks",
                                            "$.Disk_0"
                                        ]
                                    }
                                },
                                {
                                    "Condition": {
                                        "$eq": [
                                            "$.PieceCounter",
                                            1
                                        ]
                                    },
                                    "Actions": {
                                        "$set": [
                                            "Disks",
                                            "$.Disk_1"
                                        ]
                                    }
                                },
                                {
                                    "Condition": {
                                        "$eq": [
                                            "$.PieceCounter",
                                            2
                                        ]
                                    },
                                    "Actions": {
                                        "$set": [
                                            "Disks",
                                            "$.Disk_2"
                                        ]
                                    }
                                },
                                {
                                    "Condition": {
                                        "$eq": [
                                            "$.PieceCounter",
                                            3
                                        ]
                                    },
                                    "Actions": {
                                        "$set": [
                                            "Core",
                                            ""
                                        ]
                                    },
                                    "Transition": "Success"
                                },
                                {
                                    "Actions": {
                                        "$set": [
                                            "Core",
                                            "$.Core_Get"
                                        ]
                                    },
                                    "Transition": "Start"
                                }
                            ]
                        },
                        "Success": {
                            "-": {
                                "Actions": {
                                    "$set": [
                                        "Disks",
                                        ""
                                    ],
                                    "$inc": "update_counter"
                                }
                            },
                            "McGuffinLostEvent": {
                                "Transition": "DiskText"
                            },
                            "DiskPieceFound": [
                                {
                                    "Actions": {
                                        "$inc": "PieceCounter"
                                    }
                                },
                                {
                                    "Condition": {
                                        "$eq": [
                                            "$.PieceCounter",
                                            3
                                        ]
                                    },
                                    "Transition": "DiskText"
                                }
                            ]
                        }
                    }
                }
            },
            {
                "_comment": "----- Scoring Dummy for DataCore Objective -----",
                "Id": "dc87ba2d-2e2d-4a9d-9fd9-ce005345425a",
                "Category": "primary",
                "Primary": true,
                "ObjectiveType": "custom",
                "Image": "",
                "BriefingName": "",
                "BriefingText": "",
                "Type": "statemachine",
                "Scope": "session",
                "Definition": {
                    "States": {
                        "Start": {
                            "exit_gate": {
                                "Transition": "Success"
                            }
                        }
                    }
                }
            },
            {
                "Id": "d5750b5d-4a00-4409-be22-1f9f5716491b",
                "Primary": true,
                "SuccessEvent": {
                    "EventName": "Kill",
                    "EventValues": {
                        "RepositoryId": "f695426f-c7ac-461c-bf62-550d76b0d465"
                    }
                }
            },
            {
                "Id": "b8ffc636-4f9a-49b5-8293-98839a6ca202",
                "ObjectiveType": "custom",
                "IgnoreIfInactive": true,
                "OnActive": {
                    "IfCompleted": {
                        "Visible": false
                    }
                },
                "OnInactive": {
                    "IfCompleted": {
                        "State": "Completed"
                    }
                },
                "Image": "images/contracts/whitespider/004_flu/Eliminate_Infected_Obj.jpg",
                "BriefingName": "$loc UI_CONTRACT_FLU_ELIMINATE_INFECTED_COUNT_HEAD",
                "BriefingText": "$loc UI_CONTRACT_FLU_ELIMINATE_INFECTED_OBJ",
                "Category": "primary",
                "HUDTemplate": {
                    "display": "$loc UI_CONTRACT_FLU_ELIMINATE_INFECTED_OBJ",
                    "iconType": 19
                },
                "Type": "statemachine",
                "Definition": {
                    "ContextListeners": {
                        "TargetsCounter": {
                            "type": "objective-counter",
                            "header": "UI_CONTRACT_FLU_ELIMINATE_INFECTED_COUNT_HEAD"
                        }
                    },
                    "Context": {
                        "KilledActors": [],
                        "Targets": [],
                        "TargetsCounter": 0
                    },
                    "States": {
                        "Start": {
                            "-": {
                                "Transition": "Success"
                            }
                        },
                        "Success": {
                            "TargetPicked": [
                                {
                                    "Condition": {
                                        "$not": {
                                            "$eq": [
                                                "ad93e268-3d6e-4aba-bec0-607cb5451ac7",
                                                "f695426f-c7ac-461c-bf62-550d76b0d465"
                                            ]
                                        }
                                    },
                                    "Actions": {
                                        "$inc": "TargetsCounter",
                                        "$pushunique": [
                                            "Targets",
                                            "$Value.RepositoryId"
                                        ]
                                    },
                                    "Transition": "TargetPicked"
                                }
                            ]
                        },
                        "TargetPicked": {
                            "TargetPicked": [
                                {
                                    "Condition": {
                                        "$not": {
                                            "$eq": [
                                                "ad93e268-3d6e-4aba-bec0-607cb5451ac7",
                                                "f695426f-c7ac-461c-bf62-550d76b0d465"
                                            ]
                                        }
                                    },
                                    "Actions": {
                                        "$inc": "TargetsCounter",
                                        "$pushunique": [
                                            "Targets",
                                            "$Value.RepositoryId"
                                        ]
                                    }
                                }
                            ],
                            "Kill": [
                                {
                                    "Actions": {
                                        "$pushunique": [
                                            "KilledActors",
                                            "$Value.RepositoryId"
                                        ]
                                    }
                                },
                                {
                                    "Actions": {
                                        "$dec": "TargetsCounter"
                                    },
                                    "Condition": {
                                        "$inarray": {
                                            "in": "$.Targets",
                                            "?": {
                                                "$eq": [
                                                    "$.#",
                                                    "$Value.RepositoryId"
                                                ]
                                            }
                                        }
                                    }
                                },
                                {
                                    "Condition": {
                                        "$all": {
                                            "in": "$.Targets",
                                            "?": {
                                                "$any": {
                                                    "in": "$.KilledActors",
                                                    "?": {
                                                        "$eq": [
                                                            "$.#",
                                                            "$.##"
                                                        ]
                                                    }
                                                }
                                            }
                                        }
                                    },
                                    "Transition": "Success"
                                }
                            ],
                            "ContractLoad": [
                                {
                                    "Actions": {
                                        "$set": [
                                            "TargetsCounter",
                                            "$.TargetsCounter"
                                        ]
                                    }
                                }
                            ]
                        }
                    }
                }
            },
            {
                "Id": "2c22eb96-bad8-4514-83c4-eece9c2c5988",
                "ObjectiveType": "custom",
                "IgnoreIfInactive": true,
                "OnActive": {
                    "IfInProgress": {
                        "Visible": false
                    },
                    "IfFailed": {
                        "Visible": false
                    },
                    "IfCompleted": {
                        "Visible": true
                    }
                },
                "Image": "images/contracts/whitespider/004_flu/Eliminate_Infected_Obj.jpg",
                "BriefingName": "$loc UI_CONTRACT_FLU_ELIMINATE_INFECTED_COUNT_HEAD",
                "BriefingText": "$loc UI_CONTRACT_FLU_ELIMINATE_INFECTED_OBJ",
                "ExcludeFromScoring": true,
                "Category": "secondary",
                "HUDTemplate": {
                    "display": "$loc UI_CONTRACT_FLU_ELIMINATE_INFECTED_OBJ",
                    "iconType": 19
                },
                "Type": "statemachine",
                "Definition": {
                    "ContextListeners": {
                        "TotalTargetsCounter": {
                            "type": "objective-counter",
                            "header": "UI_CONTRACT_FLU_ELIMINATE_INFECTED_COUNT_HEAD"
                        }
                    },
                    "Context": {
                        "TotalTargetsCounter": 0
                    },
                    "States": {
                        "Start": {
                            "TargetPicked": [
                                {
                                    "Actions": {
                                        "$inc": "TotalTargetsCounter"
                                    }
                                }
                            ],
                            "ContractLoad": [
                                {
                                    "Actions": {
                                        "$set": [
                                            "TotalTargetsCounter",
                                            "$.TotalTargetsCounter"
                                        ]
                                    }
                                }
                            ],
                            "ContractEnd": [
                                {
                                    "Transition": "Success"
                                }
                            ],
                            "exit_gate": [
                                {
                                    "Transition": "Success"
                                }
                            ]
                        }
                    }
                }
            },
            {
                "Id": "85745a86-a55a-4286-bff8-44a7960f87c8",
                "Type": "statemachine",
                "Category": "condition",
                "ExcludeFromScoring": true,
                "OnActive": {
                    "IfInProgress": {
                        "Visible": false
                    }
                },
                "Definition": {
                    "Scope": "session",
                    "Context": {},
                    "States": {
                        "Start": {
                            "47_Infected": {
                                "Transition": "Success"
                            }
                        }
                    }
                }
            },
            {
                "Id": "e98be877-94bb-40a8-959f-5353a7704825",
                "ObjectiveType": "custom",
                "IgnoreIfInactive": true,
                "OnActive": {
                    "IfCompleted": {
                        "Visible": false
                    }
                },
                "Activation": {
                    "$eq": [
                        "$85745a86-a55a-4286-bff8-44a7960f87c8",
                        "Completed"
                    ]
                },
                "Image": "images/contracts/whitespider/004_flu/WS_Flu_Obj_Antidote.jpg",
                "BriefingName": "$loc UI_CONTRACT_FLU_ANTIDOTE_TITLE",
                "BriefingText": "$loc UI_CONTRACT_FLU_ANTIDOTE_DESC",
                "Category": "primary",
                "HUDTemplate": {
                    "display": "$loc UI_CONTRACT_FLU_ANTIDOTE_OBJ"
                },
                "Type": "statemachine",
                "Definition": {
                    "Context": {
                        "Targets": [
                            "d940d53e-738c-4033-8bfd-c2ee28ae4e8a"
                        ]
                    },
                    "States": {
                        "Start": {
                            "-": {
                                "Transition": "Success"
                            }
                        },
                        "Success": {
                            "47_Infected": {
                                "Transition": "Get_Antidote"
                            }
                        },
                        "Get_Antidote": {
                            "47_Cured": {
                                "Transition": "Success"
                            },
                            "$timer": {
                                "Condition": {
                                    "$after": 300
                                },
                                "Transition": "Failure"
                            }
                        }
                    }
                }
            }
        ],
        "Bricks": [
            "assembly:/_pro/scenes/missions/Greedy/mission_raccoon/mission_raccoon.brick"
        ],
        "DevOnlyBricks": [
            "assembly:/_pro/scenes/missions/Greedy/mission_raccoon/dev_raccoon.brick"
        ],
        "VR": [
            {
                "Quality": "base",
                "Bricks": [
                    "assembly:/_pro/Scenes/Bricks/vr_setup.brick",
                    "assembly:/_pro/scenes/missions/Greedy/mission_raccoon/vr_overrides_raccoon.brick",
                    "assembly:/_pro/scenes/missions/greedy/mission_raccoon/vr_overrides_ps4perf.brick"
                ]
            },
            {
                "Quality": "better",
                "Bricks": [
                    "assembly:/_pro/Scenes/Bricks/vr_setup.brick",
                    "assembly:/_pro/scenes/missions/Greedy/mission_raccoon/vr_overrides_raccoon.brick"
                ]
            }
        ],
        "GameChangers": [],
        "GameChangerReferences": [],
        "GameDifficulties": [
            {
                "Difficulty": "easy",
                "Bricks": [
                    "assembly:/_pro/scenes/missions/Greedy/mission_raccoon/difficulty_easy_raccoon.brick"
                ]
            },
            {
                "Difficulty": "normal",
                "Bricks": []
            },
            {
                "Difficulty": "hard",
                "Bricks": [
                    "assembly:/_pro/scenes/missions/Greedy/mission_raccoon/difficulty_hard_raccoon.brick"
                ]
            }
        ],
        "SimulationQualities": [
            {
                "Quality": "better",
                "Bricks": [
                    "assembly:/_pro/scenes/missions/Greedy/mission_raccoon/intel_6core_racoon.brick"
                ]
            },
            {
                "Quality": "best",
                "Bricks": [
                    "assembly:/_pro/scenes/missions/Greedy/mission_raccoon/intel_8core_racoon.brick"
                ]
            }
        ]
    },
    "Metadata": {
        "Id": "7a03a97d-238c-48bd-bda0-e5f279569cce",
        "IsPublished": true,
        "TileImage": "images/contracts/raccoon/tile.jpg",
        "BriefingVideo": "briefing_raccoon",
        "DebriefingVideo": "debriefing_raccoon",
        "CreationTimestamp": "2016-12-15T16:27:35.423427+01:00",
        "CreatorUserId": "00000000-0000-0000-0000-000000000000",
        "Title": "UI_CONTRACT_RACCOON_TITLE",
        "Description": "UI_CONTRACT_RACCOON_DESC",
        "CodeName_Hint": "Raccoon",
        "Location": "LOCATION_GREEDY_RACCOON",
        "ScenePath": "assembly:/_pro/scenes/missions/Greedy/mission_raccoon/scene_raccoon_basic.entity",
        "Type": "mission",
        "Order": 50,
        "Release": "2.40.x",
        "RequiredUnlockable": "ACCESS_HIT_S2_CONCLUSION",
        "Drops": [
            "ACCESS_HIT_STINGRAY"
        ],
        "Opportunities": [
            "49ed98fb-c007-47ac-8d95-45629d12553e",
            "d9fa1cae-8362-4cc2-b20d-1dc6b953ef27",
            "bcbd4477-3e9d-4650-a552-b908090bbfaf",
            "19019a2b-7d9a-4b6f-aa99-a4c639a1f1ad",
            "e18ca915-d2b6-4a8d-8ac2-661e51c2df84"
        ],
        "Entitlements": [
            "H2_LEGACY_EXPANSION"
        ]
    },
    "UserData": null
}