{
    "tempHash": "0039F9AE27696969",
    "tbluHash": "00BC94375F696969",
    "rootEntity": "fa432b375eed4bd5",
    "entities":
    {
        "fa432b375eed4bd5":
        {
            "parent": null,
            "name": "Keyword_ACTOR_NAKED",
            "template": "[modules:/zkeywordentity.class].pc_entitytype",
            "blueprint": "[modules:/zkeywordentity.class].pc_entityblueprint",
            "properties":
            {
                "m_sKeyword":
                {
                    "type": "ZString",
                    "value": "ACTOR_NAKED"
                }
            },
            "postInitProperties":
            {},
            "editorOnly": false,
            "platformSpecificPropertyValues":
            []
        }
    },
    "overrideDeletes":
    [],
    "pinConnectionOverrides":
    [],
    "pinConnectionOverrideDeletes":
    [],
    "propertyOverrides":
    [],
    "externalScenes":
    [],
    "subType": 0,
    "quickEntityVersion": 2.1
}