{
	"tempHash": "0069C61768838707",
	"tbluHash": "00F33B74F253575A",
	"rootEntity": "dfd8bdaeeed077ff",
	"entities": {
		"44438ba03b6674b": {
			"parent": "dfd8bdaeeed077ff",
			"name": "Keyword_ITEM_CURE_SMALL",
			"template": "[assembly:/_pro/design/gamecore/keywords/keyworditems.template?/keyword_item_cure_small.entitytemplate].pc_entitytype",
			"blueprint": "[assembly:/_pro/design/gamecore/keywords/keyworditems.template?/keyword_item_cure_small.entitytemplate].pc_entityblueprint",
			"properties": {},
			"postInitProperties": {
				"m_aHolders": {
					"type": "TArray<SEntityTemplateReference>",
					"value": ["8172ede1d5fd1dc7"]
				}
			},
			"editorOnly": false,
			"platformSpecificPropertyValues": []
		},
		"fe144ed6c1914c2a": {
			"parent": "dfd8bdaeeed077ff",
			"name": "Interaction_Subaction",
			"template": "[assembly:/_pro/design/gamecore/interactionbase.template?/interaction_subaction.entitytemplate].pc_entitytype",
			"blueprint": "[assembly:/_pro/design/gamecore/interactionbase.template?/interaction_subaction.entitytemplate].pc_entityblueprint",
			"properties": {
				"m_rPromptTextResource": {
					"type": "ZRuntimeResourceID",
					"value": {
						"resource": "004FD6710856E4F5",
						"flag": "5F"
					}
				},
				"m_eActionType": {
					"type": "EActionType",
					"value": "AT_ITEM_INTERACTION"
				},
				"m_bCanBeOperatedFromAnyAngle": {
					"type": "bool",
					"value": true
				},
				"m_sPromptText": {
					"type": "ZString",
					"value": ""
				},
				"m_sPromptTextPassive": {
					"type": "ZString",
					"value": "\n      "
				},
				"m_bCanBeOperatedWithItemsInHand": {
					"type": "bool",
					"value": true
				},
				"m_bApplyPromptDescriptionText": {
					"type": "bool",
					"value": true
				},
				"m_sPromptDescriptionText": {
					"type": "ZString",
					"value": "Phone"
				},
				"m_RuntimeNetworkResourceID": {
					"type": "ZRuntimeResourceID",
					"value": {
						"resource": "00CD00507820143E",
						"flag": "9F"
					}
				},
				"m_bUseAnimlayer": {
					"type": "bool",
					"value": true
				},
				"m_fOverrideInteractionRangeValue": {
					"type": "float32",
					"value": 0
				},
				"m_nAnimlayerTime": {
					"type": "float32",
					"value": 3.799999952316284
				},
				"m_rPromptDescriptionTextResource": {
					"type": "ZRuntimeResourceID",
					"value": {
						"resource": "[assembly:/localization/hitman6/conversations/ui/pro/items_s2.sweetmenutext?/ui_prop_cure_serum_small_name.sweetline].pc_sweetline",
						"flag": "5F"
					}
				},
				"m_bShowPromptInWorld": {
					"type": "bool",
					"value": false
				},
				"m_eInputAction": {
					"type": "EHM5GameInputFlag",
					"value": "eGameInputRemoteAction"
				}
			},
			"postInitProperties": {
				"m_ConditionList_Visible": {
					"type": "TArray<SEntityTemplateReference>",
					"value": ["8260392b9472a13c"]
				},
				"m_ConditionList_Usable": {
					"type": "TArray<SEntityTemplateReference>",
					"value": ["8260392b9472a13c"]
				}
			},
			"editorOnly": false,
			"platformSpecificPropertyValues": [],
			"events": [{
				"onEvent": "Started",
				"shouldTrigger": "SetTrue",
				"onEntity": "446de46aad9c29c"
			}, {
				"onEvent": "Started",
				"shouldTrigger": "UseEquipped",
				"onEntity": "6b085368cbfff814"
			}, {
				"onEvent": "Completed",
				"shouldTrigger": "Holster",
				"onEntity": "6b085368cbfff814"
			}, {
				"onEvent": "Completed",
				"shouldTrigger": "In",
				"onEntity": "609efe8674f68f24"
			}, {
				"onEvent": "Completed",
				"shouldTrigger": "Poll",
				"onEntity": "8ad6006aadda49d6"
			}, {
				"onEvent": "Interrupted",
				"shouldTrigger": "Deactivate",
				"onEntity": "ffa7a833da136788"
			}, {
				"onEvent": "Completed",
				"shouldTrigger": "Deactivate",
				"onEntity": "ffa7a833da136788"
			}, {
				"onEvent": "Started",
				"shouldTrigger": "Activate",
				"onEntity": "ffa7a833da136788"
			}, {
				"onEvent": "Completed",
				"shouldTrigger": "ConsumeFromInventory",
				"onEntity": "6b085368cbfff814"
			}, {
				"onEvent": "Completed",
				"shouldTrigger": "GetKeyword",
				"onEntity": "abcd8c90d7877b6f"
			}]
		},
		"2bfc776b86d4ad0e": {
			"parent": "dfd8bdaeeed077ff",
			"name": "ShouldResetOnComplete",
			"template": "[assembly:/_pro/design/logic/valuebool.template?/valuebool.entitytemplate].pc_entitytype",
			"blueprint": "[assembly:/_pro/design/logic/valuebool.template?/valuebool.entitytemplate].pc_entityblueprint",
			"properties": {
				"m_bValue": {
					"type": "bool",
					"value": true
				}
			},
			"postInitProperties": {},
			"editorOnly": false,
			"platformSpecificPropertyValues": []
		},
		"3afbd66a710de8f8": {
			"parent": "dfd8bdaeeed077ff",
			"name": "ResetCheck",
			"template": "[assembly:/_pro/design/logic/valuebool.template?/valuebool_operation.entitytemplate].pc_entitytype",
			"blueprint": "[assembly:/_pro/design/logic/valuebool.template?/valuebool_operation.entitytemplate].pc_entityblueprint",
			"properties": {
				"m_aValues": {
					"type": "TArray<SEntityTemplateReference>",
					"value": ["2bfc776b86d4ad0e"]
				}
			},
			"postInitProperties": {},
			"editorOnly": false,
			"platformSpecificPropertyValues": [],
			"events": [{
				"onEvent": "OnTrue",
				"shouldTrigger": "SetFalse",
				"onEntity": "446de46aad9c29c"
			}]
		},
		"8260392b9472a13c": {
			"parent": "dfd8bdaeeed077ff",
			"name": "ValueBool_Operation01",
			"template": "[assembly:/_pro/design/logic/valuebool.template?/valuebool_operation.entitytemplate].pc_entitytype",
			"blueprint": "[assembly:/_pro/design/logic/valuebool.template?/valuebool_operation.entitytemplate].pc_entityblueprint",
			"properties": {},
			"postInitProperties": {
				"m_aValues": {
					"type": "TArray<SEntityTemplateReference>",
					"value": ["80c3577b7c1c59ee", {
						"ref": "2787cf99b8020d10",
						"externalScene": null,
						"exposedEntity": "IsEquipped"
					}]
				}
			},
			"editorOnly": false,
			"platformSpecificPropertyValues": []
		},
		"6b085368cbfff814": {
			"parent": "dfd8bdaeeed077ff",
			"name": "HeroItemAction",
			"template": "[modules:/zheroitemaction.class].pc_entitytype",
			"blueprint": "[modules:/zheroitemaction.class].pc_entityblueprint",
			"properties": {},
			"postInitProperties": {},
			"editorOnly": false,
			"platformSpecificPropertyValues": []
		},
		"5a7212f5fdfd49cf": {
			"parent": "dfd8bdaeeed077ff",
			"name": "AnimSet",
			"template": "[modules:/zvariationresourceentity.class].pc_entitytype",
			"blueprint": "[modules:/zvariationresourceentity.class].pc_entityblueprint",
			"properties": {
				"m_VariationResourceID": {
					"type": "ZRuntimeResourceID",
					"value": {
						"resource": "[assembly:/animations/animationdatabases/hm5_weapons.aset?/prop_coin.asva].pc_asva",
						"flag": "5F"
					}
				}
			},
			"postInitProperties": {},
			"editorOnly": false,
			"platformSpecificPropertyValues": []
		},
		"446de46aad9c29c": {
			"parent": "dfd8bdaeeed077ff",
			"name": "HasBeenUSed",
			"template": "[assembly:/_pro/design/logic/valuebool.template?/valuebool_basic.entitytemplate].pc_entitytype",
			"blueprint": "[assembly:/_pro/design/logic/valuebool.template?/valuebool_basic.entitytemplate].pc_entityblueprint",
			"properties": {},
			"postInitProperties": {},
			"editorOnly": false,
			"platformSpecificPropertyValues": []
		},
		"80c3577b7c1c59ee": {
			"parent": "dfd8bdaeeed077ff",
			"name": "InvertedCondition_NOT_Running",
			"template": "[modules:/zinvertedcondition.class].pc_entitytype",
			"blueprint": "[modules:/zinvertedcondition.class].pc_entityblueprint",
			"properties": {
				"m_rCondition": {
					"type": "SEntityTemplateReference",
					"value": "446de46aad9c29c"
				}
			},
			"postInitProperties": {},
			"editorOnly": false,
			"platformSpecificPropertyValues": []
		},
		"771e5535c91d9e2e": {
			"parent": "dfd8bdaeeed077ff",
			"name": "SoundSetup_Item02",
			"template": "[assembly:/templates/itemtemplates/item_soundsetup.template?/soundsetup_item.entitytemplate].pc_entitytype",
			"blueprint": "[assembly:/templates/itemtemplates/item_soundsetup.template?/soundsetup_item.entitytemplate].pc_entityblueprint",
			"properties": {
				"m_mTransform": {
					"type": "SMatrix43",
					"value": {
						"rotation": {
							"x": 0.0,
							"y": 0.0,
							"z": 0.0
						},
						"position": {
							"x": 0.0,
							"y": 0.0,
							"z": 0.0
						}
					}
				},
				"Prop_Placed_Sound": {
					"type": "ZRuntimeResourceID",
					"value": {
						"resource": "[assembly:/sound/wwise/exportedwwisedata/events/item_events/item_coin/play_fol_item_coin_hide.wwiseevent].pc_wwisebank",
						"flag": "5F"
					}
				}
			},
			"postInitProperties": {
				"m_eidParent": {
					"type": "SEntityTemplateReference",
					"value": "8172ede1d5fd1dc7"
				},
				"m_rHolder": {
					"type": "SEntityTemplateReference",
					"value": "8172ede1d5fd1dc7"
				},
				"m_eidParent1": {
					"type": "SEntityTemplateReference",
					"value": "8172ede1d5fd1dc7"
				}
			},
			"editorOnly": false,
			"platformSpecificPropertyValues": []
		},
		"ffa7a833da136788": {
			"parent": "dfd8bdaeeed077ff",
			"name": "HM5CrippleBox",
			"template": "[modules:/zhm5cripplebox.class].pc_entitytype",
			"blueprint": "[modules:/zhm5cripplebox.class].pc_entityblueprint",
			"properties": {
				"m_bRun": {
					"type": "bool",
					"value": false
				}
			},
			"postInitProperties": {},
			"editorOnly": false,
			"platformSpecificPropertyValues": []
		},
		"949664ca71a5adce": {
			"parent": "dfd8bdaeeed077ff",
			"name": "ValueFloat",
			"template": "[assembly:/_pro/design/logic/valuefloat.template?/valuefloat.entitytemplate].pc_entitytype",
			"blueprint": "[assembly:/_pro/design/logic/valuefloat.template?/valuefloat.entitytemplate].pc_entityblueprint",
			"properties": {
				"m_fValue": {
					"type": "float32",
					"value": 25
				}
			},
			"postInitProperties": {},
			"editorOnly": false,
			"platformSpecificPropertyValues": []
		},
		"8ad6006aadda49d6": {
			"parent": "dfd8bdaeeed077ff",
			"name": "ValueFloat_Poll",
			"template": "[assembly:/_pro/design/logic/valuefloat.template?/valuefloat_poll.entitytemplate].pc_entitytype",
			"blueprint": "[assembly:/_pro/design/logic/valuefloat.template?/valuefloat_poll.entitytemplate].pc_entityblueprint",
			"properties": {
				"m_rValueEntity": {
					"type": "SEntityTemplateReference",
					"value": "949664ca71a5adce"
				}
			},
			"postInitProperties": {},
			"editorOnly": false,
			"platformSpecificPropertyValues": [],
			"events": [{
				"onEvent": "PollValue",
				"shouldTrigger": "TransmitEvent",
				"onEntity": "da1979da1ac775cc"
			}]
		},
		"b8596139b83b7fbb": {
			"parent": "dfd8bdaeeed077ff",
			"name": "EventToken_Outbreak_Hero_Cure_Percentage",
			"template": "[assembly:/_pro/design/gamecore/events/eventtokens_outbreak.template?/eventtoken_outbreak_hero_cure_percentage.entitytemplate].pc_entitytype",
			"blueprint": "[assembly:/_pro/design/gamecore/events/eventtokens_outbreak.template?/eventtoken_outbreak_hero_cure_percentage.entitytemplate].pc_entityblueprint",
			"properties": {},
			"postInitProperties": {},
			"editorOnly": false,
			"platformSpecificPropertyValues": []
		},
		"8172ede1d5fd1dc7": {
			"parent": "dfd8bdaeeed077ff",
			"name": "ItemArt_Cure_Small",
			"template": "[assembly:/_pro/items/templates/gadget/gadgets.template?/itemart_cure_small.entitytemplate].pc_entitytype",
			"blueprint": "[assembly:/_pro/items/templates/gadget/gadgets.template?/itemart_cure_small.entitytemplate].pc_entityblueprint",
			"properties": {
				"m_bRemovePhysics": {
					"type": "bool",
					"value": false
				},
				"m_mTransform": {
					"type": "SMatrix43",
					"value": {
						"rotation": {
							"x": 0.0,
							"y": 0.0,
							"z": 0.0
						},
						"position": {
							"x": 0.36901500821113589,
							"y": 0.004999999888241291,
							"z": 0.10000000149011612
						}
					}
				},
				"m_eGlowType": {
					"type": "ERenderGlowTypes",
					"value": "ERENDERGLOWTYPE_ITEMS"
				}
			},
			"postInitProperties": {
				"m_eidParent": {
					"type": "SEntityTemplateReference",
					"value": null
				}
			},
			"editorOnly": false,
			"platformSpecificPropertyValues": []
		},
		"2787cf99b8020d10": {
			"parent": "dfd8bdaeeed077ff",
			"name": "ItemCoreNoPhys_Coin",
			"template": "[assembly:/_pro/design/gamecore/itemcore.template?/itemcorenophys.entitytemplate].pc_entitytype",
			"blueprint": "[assembly:/_pro/design/gamecore/itemcore.template?/itemcorenophys.entitytemplate].pc_entityblueprint",
			"properties": {
				"m_rGeomentity": {
					"type": "SEntityTemplateReference",
					"value": "8172ede1d5fd1dc7"
				},
				"m_PosHandAttach": {
					"type": "SEntityTemplateReference",
					"value": {
						"ref": "8172ede1d5fd1dc7",
						"externalScene": null,
						"exposedEntity": "HandAttacherSpatial"
					}
				},
				"m_bKinematic": {
					"type": "bool",
					"value": true
				},
				"m_eInvestigateSoundDef": {
					"type": "EActorSoundDefs",
					"value": "Gen_ThumbsUp"
				},
				"m_PosPlacementAttach": {
					"type": "SEntityTemplateReference",
					"value": {
						"ref": "8172ede1d5fd1dc7",
						"externalScene": null,
						"exposedEntity": "PropHelper_Item_Placement"
					}
				},
				"m_pVariationResource": {
					"type": "SEntityTemplateReference",
					"value": "5a7212f5fdfd49cf"
				},
				"m_PlacementVolume": {
					"type": "SEntityTemplateReference",
					"value": {
						"ref": "8172ede1d5fd1dc7",
						"externalScene": null,
						"exposedEntity": "PlacementVolume"
					}
				},
				"m_aSubactions": {
					"type": "TArray<SEntityTemplateReference>",
					"value": ["fe144ed6c1914c2a"]
				}
			},
			"postInitProperties": {},
			"editorOnly": false,
			"platformSpecificPropertyValues": [],
			"events": [{
				"onEvent": "OnPlaced",
				"shouldTrigger": "ItemPlaced",
				"onEntity": "771e5535c91d9e2e"
			}, {
				"onEvent": "OnEquip",
				"shouldTrigger": "Item_Equipped",
				"onEntity": "771e5535c91d9e2e"
			}, {
				"onEvent": "OnUnEquip",
				"shouldTrigger": "Item_UnEquipped",
				"onEntity": "771e5535c91d9e2e"
			}, {
				"onEvent": "OnDrop",
				"shouldTrigger": "OnDrop_MixingEvent",
				"onEntity": "771e5535c91d9e2e"
			}, {
				"onEvent": "OnThrown",
				"shouldTrigger": "OnThrown_MixingEvent",
				"onEntity": "771e5535c91d9e2e"
			}]
		},
		"dfd8bdaeeed077ff": {
			"parent": null,
			"name": "Prop_Tool_Outbreak_AntiVirus_Small_Runtime",
			"template": "[modules:/zentity.class].pc_entitytype",
			"blueprint": "[modules:/zentity.class].pc_entityblueprint",
			"properties": {
				"m_mTransform": {
					"type": "SMatrix43",
					"value": {
						"rotation": {
							"x": 0.0,
							"y": 0.0,
							"z": 0.0
						},
						"position": {
							"x": 0.36901500821113589,
							"y": 0.004999999888241291,
							"z": 0.10000000149011612
						}
					}
				}
			},
			"postInitProperties": {},
			"editorOnly": false,
			"platformSpecificPropertyValues": [],
			"propertyAliases": [{
				"exposeProperty": "m_bStartPhysical",
				"onEntity": "2787cf99b8020d10",
				"asProperty": "m_bStartPhysical"
			}, {
				"exposeProperty": "m_bStartVisible",
				"onEntity": "2787cf99b8020d10",
				"asProperty": "m_bStartVisible"
			}, {
				"exposeProperty": "m_bStartKinematic",
				"onEntity": "2787cf99b8020d10",
				"asProperty": "m_bStartKinematic"
			}, {
				"exposeProperty": "Kinematic",
				"onEntity": "2787cf99b8020d10",
				"asProperty": "Kinematic"
			}, {
				"exposeProperty": "m_eidParent",
				"onEntity": "8172ede1d5fd1dc7",
				"asProperty": "m_eidParent"
			}, {
				"exposeProperty": "m_mTransform",
				"onEntity": "8172ede1d5fd1dc7",
				"asProperty": "m_mTransform"
			}],
			"exposedInterfaces": [
				["IItem", "2787cf99b8020d10"],
				["ZHM5Item", "2787cf99b8020d10"],
				["IItemBase", "2787cf99b8020d10"],
				["ZGeomEntity", "8172ede1d5fd1dc7"],
				["IPhysicsAccessor", "8172ede1d5fd1dc7"],
				["IDynamicPhysics", "8172ede1d5fd1dc7"],
				["ZSpatialEntity", "8172ede1d5fd1dc7"]
			],
			"entitySubsets": [
				["AudioEmitters", {
					"entities": ["771e5535c91d9e2e"]
				}],
				["Replicable", {
					"entities": ["2787cf99b8020d10"]
				}]
			]
		},
		"609efe8674f68f24": {
			"parent": "dfd8bdaeeed077ff",
			"name": "TimerSimple",
			"template": "[assembly:/_pro/design/logic.template?/timersimple.entitytemplate].pc_entitytype",
			"blueprint": "[assembly:/_pro/design/logic.template?/timersimple.entitytemplate].pc_entityblueprint",
			"properties": {
				"Delay time (ms)": {
					"type": "int32",
					"value": 2000
				}
			},
			"postInitProperties": {},
			"editorOnly": false,
			"platformSpecificPropertyValues": [],
			"events": [{
				"onEvent": "Out",
				"shouldTrigger": "ForceUpdateValue",
				"onEntity": "3afbd66a710de8f8"
			}]
		},
		"da1979da1ac775cc": {
			"parent": "dfd8bdaeeed077ff",
			"name": "EventChannelTransmitter_float32",
			"template": "[assembly:/_pro/design/gamecore/events/eventchannel.template?/eventchanneltransmitter_float32.entitytemplate].pc_entitytype",
			"blueprint": "[assembly:/_pro/design/gamecore/events/eventchannel.template?/eventchanneltransmitter_float32.entitytemplate].pc_entityblueprint",
			"properties": {
				"m_rChannelToken": {
					"type": "SEntityTemplateReference",
					"value": "b8596139b83b7fbb"
				}
			},
			"postInitProperties": {},
			"editorOnly": false,
			"platformSpecificPropertyValues": []
		},
		"abcd94fbe31fa7e4": {
			"parent": "dfd8bdaeeed077ff",
			"name": "Vaccine",
			"template": "[modules:/zentity.class].pc_entitytype",
			"blueprint": "[modules:/zentity.class].pc_entityblueprint",
			"properties": {},
			"postInitProperties": {},
			"editorOnly": false,
			"platformSpecificPropertyValues": []
		},
		"abcd8c90d7877b6f": {
			"parent": "abcd94fbe31fa7e4",
			"name": "Keyword_FLU_IMMUNE",
			"template": "00406FE20954D677",
			"blueprint": "00793E9C0E54CB64",
			"properties": {},
			"postInitProperties": {
				"m_rHolder": {
					"type": "SEntityTemplateReference",
					"value": "abcd94fbe31fa7e4"
				}
			},
			"editorOnly": false,
			"platformSpecificPropertyValues": [],
			"events": [{
				"onEvent": "Keyword",
				"shouldTrigger": "AddKeyword",
				"onEntity": "abcd3bbfb46f7f08"
			}]
		},
		"abcd3bbfb46f7f08": {
			"parent": "abcd94fbe31fa7e4",
			"name": "Set FLU_IMMUNE Keyword on Hitman",
			"template": "[modules:/zherokeywordproxyentity.class].pc_entitytype",
			"blueprint": "[modules:/zherokeywordproxyentity.class].pc_entityblueprint",
			"properties": {},
			"postInitProperties": {},
			"editorOnly": false,
			"platformSpecificPropertyValues": []
		}
	},
	"overrideDeletes": [],
	"pinConnectionOverrides": [],
	"pinConnectionOverrideDeletes": [],
	"propertyOverrides": [],
	"externalScenes": [],
	"subType": 0,
	"quickEntityVersion": 2.1
}