{"tempHash": "0076DCA438306FDA", "tbluHash": "00B6EC5DBE5F3F4B", "patch": [{"op": "add", "path": "/entities/560b37d1c5f5150d", "value": {"parent": "abcd796a4c0d7816", "name": "Vaccine ItemKey", "template": "[modules:/zitemrepositorykeyentity.class].pc_entitytype", "blueprint": "[modules:/zitemrepositorykeyentity.class].pc_entityblueprint", "properties": {"m_RepositoryId": {"type": "ZGuid", "value": "f75e4353-59c4-4e29-9b1c-a62c3056a870"}}, "postInitProperties": {}, "editorOnly": false, "platformSpecificPropertyValues": []}}, {"op": "add", "path": "/entities/abcd99bd785b484a", "value": {"parent": "abcd19ad9af0c3ae", "name": "Sitting", "template": "[modules:/zactornetworkquery.class].pc_entitytype", "blueprint": "[modules:/zactornetworkquery.class].pc_entityblueprint", "properties": {"m_bIsStill": {"type": "bool", "value": false}, "m_bIsSitting": {"type": "bool", "value": true}, "m_bIsMoving": {"type": "bool", "value": false}, "m_bIsSittingChairTable": {"type": "bool", "value": false}, "m_bIsSittingChair": {"type": "bool", "value": false}, "m_bIsSittingBench": {"type": "bool", "value": false}, "m_bIsReacting": {"type": "bool", "value": false}}, "postInitProperties": {"m_rActor": {"type": "SEntityTemplateReference", "value": "abcdba1e5034cdf6"}}, "editorOnly": false, "platformSpecificPropertyValues": []}}, {"op": "add", "path": "/entities/abcdbdf01502152a", "value": {"parent": "abcd847d79dc5e40", "name": "Keyword_FLU_COUGH_EXCLUDE", "template": "00CFE3B1AB59144F", "blueprint": "007C2B40EF5C740C", "properties": {}, "postInitProperties": {"m_rHolder": {"type": "SEntityTemplateReference", "value": "abcde8d1bc5eb4b0"}}, "editorOnly": false, "platformSpecificPropertyValues": []}}, {"op": "add", "path": "/entities/abcd499ad2dd7966", "value": {"parent": "abcd847d79dc5e40", "name": "ActorProviderFilterKeyword", "template": "[modules:/zactorproviderfilterkeyword.class].pc_entitytype", "blueprint": "[modules:/zactorproviderfilterkeyword.class].pc_entityblueprint", "properties": {"m_eEvaluation": {"type": "ZActorProviderFilterKeyword.EEvaluationType", "value": "NONE"}, "m_Keywords": {"type": "SEntityTemplateReference", "value": "abcde8d1bc5eb4b0"}}, "postInitProperties": {}, "editorOnly": false, "platformSpecificPropertyValues": []}}, {"op": "add", "path": "/entities/abcd25b9b12cc892", "value": {"parent": "abcd7adb7f725e31", "name": "play_47infected", "template": "[modules:/zaudioevententity.class].pc_entitytype", "blueprint": "[modules:/zaudioevententity.class].pc_entityblueprint", "properties": {"m_pEmitter": {"type": "SEntityTemplateReference", "value": "abcd15fafc7e215f"}, "m_pMainEvent": {"type": "ZRuntimeResourceID", "value": {"resource": "005B488B9E1AFD36", "flag": "5F"}}}, "postInitProperties": {}, "editorOnly": false, "platformSpecificPropertyValues": [], "events": [{"onEvent": "MainEventEnded", "shouldTrigger": "Trigger", "onEntity": "abcd384d1567e176"}]}}, {"op": "add", "path": "/entities/abcd3d6d39c0d03d", "value": {"parent": "abcd796a4c0d7816", "name": "TimerSimple", "template": "[assembly:/_pro/design/logic.template?/timersimple.entitytemplate].pc_entitytype", "blueprint": "[assembly:/_pro/design/logic.template?/timersimple.entitytemplate].pc_entityblueprint", "properties": {"Delay time (ms)": {"type": "int32", "value": 1000}}, "postInitProperties": {}, "editorOnly": false, "platformSpecificPropertyValues": [], "events": [{"onEvent": "Out", "shouldTrigger": "Get", "onEntity": "abcd1c5863e0e982"}]}}, {"op": "add", "path": "/entities/abcd9ec1d1135f59", "value": {"parent": "abcd193ac3fe995c", "name": "MetricValue_Pool", "template": "[modules:/zmetricvalue_pool.class].pc_entitytype", "blueprint": "[modules:/zmetricvalue_pool.class].pc_entityblueprint", "properties": {"m_pValueProvider": {"type": "SEntityTemplateReference", "value": "abcdbc4a78599ce2"}, "m_name": {"type": "ZString", "value": "ActorTarget"}}, "postInitProperties": {}, "editorOnly": false, "platformSpecificPropertyValues": [], "events": [{"onEvent": "Value", "shouldTrigger": "SetValue", "onEntity": "abcd699d71c7ff9f"}]}}, {"op": "add", "path": "/entities/abcd6482fb02dc9d", "value": {"parent": "abcd847d79dc5e40", "name": "Hitman Infected", "template": "[modules:/zeventreceiverentity_bool.class].pc_entitytype", "blueprint": "[modules:/zeventreceiverentity_bool.class].pc_entityblueprint", "properties": {}, "postInitProperties": {}, "editorOnly": false, "platformSpecificPropertyValues": [], "events": [{"onEvent": "OnTrue", "shouldTrigger": "MakeVisible", "onEntity": "abcd1590466911ca"}, {"onEvent": "OnFalse", "shouldTrigger": "MakeInvisible", "onEntity": "abcd1590466911ca"}]}}, {"op": "add", "path": "/entities/abcd15fafc7e215f", "value": {"parent": "abcd7adb7f725e31", "name": "InfectionHUD_2dAE", "template": "[assembly:/templates/sound/wwise/soundentities.template?/2daudioemitter.entitytemplate].pc_entitytype", "blueprint": "[assembly:/templates/sound/wwise/soundentities.template?/2daudioemitter.entitytemplate].pc_entityblueprint", "properties": {"m_bIsEnabled": {"type": "bool", "value": true}}, "postInitProperties": {}, "editorOnly": false, "platformSpecificPropertyValues": []}}, {"op": "add", "path": "/entities/abcd847d79dc5e40", "value": {"parent": "fffffffffffffffe", "name": "Virus", "template": "[modules:/zentity.class].pc_entitytype", "blueprint": "[modules:/zentity.class].pc_entityblueprint", "properties": {}, "postInitProperties": {}, "editorOnly": false, "platformSpecificPropertyValues": []}}, {"op": "add", "path": "/entities/abcd31dd41ead1de", "value": {"parent": "abcd0aba8eb6e559", "name": "ActorGenderCondition", "template": "[modules:/zactogendercondition.class].pc_entitytype", "blueprint": "[modules:/zactogendercondition.class].pc_entityblueprint", "properties": {"m_rActor": {"type": "SEntityTemplateReference", "value": "abcdba1e5034cdf6"}}, "postInitProperties": {}, "editorOnly": false, "platformSpecificPropertyValues": [], "events": [{"onEvent": "OnTrue", "shouldTrigger": "Start", "onEntity": "abcd1be27903e685"}, {"onEvent": "OnFalse", "shouldTrigger": "Start", "onEntity": "abcde4a99e48f216"}]}}, {"op": "add", "path": "/entities/abcd384d1567e176", "value": {"parent": "abcd7adb7f725e31", "name": "DianaSpeak 47 infected", "template": "[assembly:/_pro/design/gamecore/intel.template?/dianaspeak.entitytemplate].pc_entitytype", "blueprint": "[assembly:/_pro/design/gamecore/intel.template?/dianaspeak.entitytemplate].pc_entityblueprint", "properties": {"m_eMaxTension": {"type": "EIntelTensionLevel", "value": "eITL_Combat"}, "m_pHandlerSpeak": {"type": "ZRuntimeResourceID", "value": {"resource": "001614E2D1FA787B", "flag": "5F"}}}, "postInitProperties": {}, "editorOnly": false, "platformSpecificPropertyValues": []}}, {"op": "add", "path": "/entities/abcd2c8f7f3bdc45", "value": {"parent": "abcd847d79dc5e40", "name": "RenderMaterialOverrideFactory", "template": "[modules:/zrendermaterialoverridefactory.class].pc_entitytype", "blueprint": "[modules:/zrendermaterialoverridefactory.class].pc_entityblueprint", "properties": {}, "postInitProperties": {"m_OverrideAssociations": {"type": "TArray<SEntityTemplateReference>", "value": ["abcd24a7e3e5e8d5", "abcdd509b8978b74"]}}, "editorOnly": false, "platformSpecificPropertyValues": []}}, {"op": "add", "path": "/entities/abcd41132c51e873", "value": {"parent": "abcd0aba8eb6e559", "name": "SignalFork_Void", "template": "[modules:/zsignalforkentity_void.class].pc_entitytype", "blueprint": "[modules:/zsignalforkentity_void.class].pc_entityblueprint", "properties": {}, "postInitProperties": {}, "editorOnly": false, "platformSpecificPropertyValues": [], "events": [{"onEvent": "Out01", "shouldTrigger": "Get", "onEntity": "abcd19ad9af0c3ae"}, {"onEvent": "Out02", "shouldTrigger": "Poll", "onEntity": "abcd19984ddb4409"}]}}, {"op": "add", "path": "/entities/abcdd33c68935c2b", "value": {"parent": "abcd847d79dc5e40", "name": "ValueBool_PlayerSpreading", "template": "[assembly:/_pro/design/logic/valuebool.template?/valuebool.entitytemplate].pc_entitytype", "blueprint": "[assembly:/_pro/design/logic/valuebool.template?/valuebool.entitytemplate].pc_entityblueprint", "properties": {}, "postInitProperties": {}, "editorOnly": false, "platformSpecificPropertyValues": []}}, {"op": "add", "path": "/entities/abcd584ddef73ce3", "value": {"parent": "abcd796a4c0d7816", "name": "Trigger Hitman Immunity Keyword Checking Loop", "template": "[modules:/zgameeventlistenerentity.class].pc_entitytype", "blueprint": "[modules:/zgameeventlistenerentity.class].pc_entityblueprint", "properties": {"m_eEvent": {"type": "EGameEventType", "value": "GET_IntroCutEnd"}}, "postInitProperties": {}, "editorOnly": false, "platformSpecificPropertyValues": [], "events": [{"onEvent": "EventOccurred", "shouldTrigger": "In", "onEntity": "abcd3d6d39c0d03d"}]}}, {"op": "add", "path": "/entities/abcd7adb7f725e31", "value": {"parent": "abcd847d79dc5e40", "name": "Sound", "template": "[modules:/zentity.class].pc_entitytype", "blueprint": "[modules:/zentity.class].pc_entityblueprint", "properties": {}, "postInitProperties": {}, "editorOnly": false, "platformSpecificPropertyValues": [], "events": [], "inputCopying": [], "outputCopying": []}}, {"op": "add", "path": "/entities/abcd1c5863e0e982", "value": {"parent": "abcd796a4c0d7816", "name": "Is Hitman Immune?", "template": "[modules:/zherokeywordcondition.class].pc_entitytype", "blueprint": "[modules:/zherokeywordcondition.class].pc_entityblueprint", "properties": {"m_rRequirements": {"type": "SEntityTemplateReference", "value": "abcdfccba18b1fa1"}}, "postInitProperties": {}, "editorOnly": false, "platformSpecificPropertyValues": [], "events": [{"onEvent": "OnTrue", "shouldTrigger": "TransmitEvent", "onEntity": "abcdb277f5c81b57"}, {"onEvent": "OnFalse", "shouldTrigger": "In", "onEntity": "abcd3d6d39c0d03d"}]}}, {"op": "add", "path": "/entities/abcd59216feeef79", "value": {"parent": "abcd847d79dc5e40", "name": "Keyword_FLU_INFECTED", "template": "00BC8589C99756D3", "blueprint": "003D7776CDF8A6CC", "properties": {}, "postInitProperties": {}, "editorOnly": false, "platformSpecificPropertyValues": []}}, {"op": "add", "path": "/entities/abcd699d71c7ff9f", "value": {"parent": "abcd193ac3fe995c", "name": "ContractsEvent", "template": "[modules:/zcontractsevententity.class].pc_entitytype", "blueprint": "[modules:/zcontractsevententity.class].pc_entityblueprint", "properties": {"m_bTriggerOnValue": {"type": "bool", "value": true}, "m_sName": {"type": "ZString", "value": "TargetPicked"}, "m_bSendDirectly": {"type": "bool", "value": true}}, "postInitProperties": {}, "editorOnly": false, "platformSpecificPropertyValues": []}}, {"op": "add", "path": "/entities/abcde4a99e48f216", "value": {"parent": "abcd0aba8eb6e559", "name": "Act_FR_Stand_Infected_Virus", "template": "00BAAC33EFDF6111", "blueprint": "007736CF3461D588", "properties": {"m_mTransform": {"type": "SMatrix43", "value": {"rotation": {"x": 0.0, "y": 0.0, "z": 0.0}, "position": {"x": -1.4492559432983398, "y": 10.211050033569336, "z": 1.1242879629135132}}}}, "postInitProperties": {"m_pActor": {"type": "SEntityTemplateReference", "value": "abcdba1e5034cdf6"}}, "editorOnly": false, "platformSpecificPropertyValues": [], "events": [{"onEvent": "OnActDone", "shouldTrigger": "Done", "onEntity": "abcd6d6bf2f90e4a"}]}}, {"op": "add", "path": "/entities/abcd6b51d89601c4", "value": {"parent": "abcd847d79dc5e40", "name": "47 is infected", "template": "[assembly:/_pro/design/logic/valuebool.template?/valuebool_basic.entitytemplate].pc_entitytype", "blueprint": "[assembly:/_pro/design/logic/valuebool.template?/valuebool_basic.entitytemplate].pc_entityblueprint", "properties": {}, "postInitProperties": {}, "editorOnly": false, "platformSpecificPropertyValues": []}}, {"op": "add", "path": "/entities/abcd79cb12b81a7e", "value": {"parent": "abcd19ad9af0c3ae", "name": "Sitting Bench", "template": "[modules:/zactornetworkquery.class].pc_entitytype", "blueprint": "[modules:/zactornetworkquery.class].pc_entityblueprint", "properties": {"m_bIsStill": {"type": "bool", "value": false}, "m_bIsSitting": {"type": "bool", "value": false}, "m_bIsMoving": {"type": "bool", "value": false}, "m_bIsSittingChairTable": {"type": "bool", "value": false}, "m_bIsSittingChair": {"type": "bool", "value": false}, "m_bIsSittingBench": {"type": "bool", "value": true}, "m_bIsReacting": {"type": "bool", "value": false}, "m_rActor": {"type": "SEntityTemplateReference", "value": "abcdba1e5034cdf6"}}, "postInitProperties": {}, "editorOnly": false, "platformSpecificPropertyValues": []}}, {"op": "add", "path": "/entities/abcd7ad6ca1a1a56", "value": {"parent": "abcd7adb7f725e31", "name": "play_47Cured", "template": "[modules:/zaudioevententity.class].pc_entitytype", "blueprint": "[modules:/zaudioevententity.class].pc_entityblueprint", "properties": {"m_pEmitter": {"type": "SEntityTemplateReference", "value": "abcd15fafc7e215f"}, "m_pMainEvent": {"type": "ZRuntimeResourceID", "value": {"resource": "0068670BA6D7AC71", "flag": "5F"}}}, "postInitProperties": {}, "editorOnly": false, "platformSpecificPropertyValues": [], "events": [{"onEvent": "MainEventEnded", "shouldTrigger": "Trigger", "onEntity": "abcd572013868e72"}]}}, {"op": "add", "path": "/entities/abcd6d6bf2f90e4a", "value": {"parent": "abcd0aba8eb6e559", "name": "Screenplay", "template": "[assembly:/_pro/design/actor/spsystem.template?/screenplay.entitytemplate].pc_entitytype", "blueprint": "[assembly:/_pro/design/actor/spsystem.template?/screenplay.entitytemplate].pc_entityblueprint", "properties": {"Roles": {"type": "TArray<SEntityTemplateReference>", "value": ["abcdba1e5034cdf6"]}}, "postInitProperties": {}, "editorOnly": false, "platformSpecificPropertyValues": [], "events": [{"onEvent": "OnStart", "shouldTrigger": "In", "onEntity": "abcd41132c51e873"}]}}, {"op": "add", "path": "/entities/abcd0874e41d53b4", "value": {"parent": "abcd847d79dc5e40", "name": "Hitman Got Vaccine", "template": "[modules:/zeventreceiverentity_void.class].pc_entitytype", "blueprint": "[modules:/zeventreceiverentity_void.class].pc_entityblueprint", "properties": {}, "postInitProperties": {}, "editorOnly": false, "platformSpecificPropertyValues": [], "events": [{"onEvent": "EventReceived", "shouldTrigger": "RemovePlayer", "onEntity": "abcd367c81285131"}]}}, {"op": "add", "path": "/entities/abcdbc4a78599ce2", "value": {"parent": "abcd193ac3fe995c", "name": "ActorValue", "template": "[modules:/zactormetricvalueentity.class].pc_entitytype", "blueprint": "[modules:/zactormetricvalueentity.class].pc_entityblueprint", "properties": {}, "postInitProperties": {}, "editorOnly": false, "platformSpecificPropertyValues": [], "events": [{"onEvent": "ActorSet", "shouldTrigger": "GetValue", "onEntity": "abcd9ec1d1135f59"}]}}, {"op": "add", "path": "/entities/abcd0a7119926278", "value": {"parent": "abcde64127f1a2c2", "name": "Prof_Hokkaido_Worker_BioSuit", "template": "[assembly:/_pro/design/actor/profession.template?/prof_hokkaido_worker_biosuit.entitytemplate].pc_entitytype", "blueprint": "[assembly:/_pro/design/actor/profession.template?/prof_hokkaido_worker_biosuit.entitytemplate].pc_entityblueprint", "properties": {}, "postInitProperties": {"m_aHolders": {"type": "TArray<SEntityTemplateReference>", "value": ["abcde64127f1a2c2"]}}, "editorOnly": false, "platformSpecificPropertyValues": []}}, {"op": "add", "path": "/entities/abcd82cb35f45d1f", "value": {"parent": "abcd847d79dc5e40", "name": "PostfilterParameters_Infect", "template": "[modules:/zrenderpostfilterparametersentity.class].pc_entitytype", "blueprint": "[modules:/zrenderpostfilterparametersentity.class].pc_entityblueprint", "properties": {"m_bColorCorrectionEnabled": {"type": "bool", "value": true}, "m_bHDRLensFlareEnabled": {"type": "bool", "value": false}, "m_bHDRGlareEnabled": {"type": "bool", "value": true}, "m_fHDRBrightPassThreshold": {"type": "float32", "value": 0.5}, "m_bNoiseEnabled": {"type": "bool", "value": true}, "m_bSSAOEnabled": {"type": "bool", "value": true}, "m_bDepthOfFieldEnabled": {"type": "bool", "value": true}, "m_bFogEnabled": {"type": "bool", "value": false}, "m_fFogDensity": {"type": "float32", "value": 0.10999999940395357}, "m_FogColor": {"type": "SColorRGB", "value": "#ffc2f7"}, "m_bGaussianBlurEnabled": {"type": "bool", "value": true}, "m_fDepthOfFieldBlurriness": {"type": "float32", "value": 1}, "m_fHDRLensFlareThresholdA": {"type": "float32", "value": 0.4699999988079071}, "m_fHDRLensFlareAttenuation": {"type": "float32", "value": 0.5699999928474426}, "m_fHDRBloomScale": {"type": "float32", "value": 1}, "m_fHDRLensFlareThresholdB": {"type": "float32", "value": 0.4300000071525574}, "m_fHDRLensFlareThresholdC": {"type": "float32", "value": 0.23999999463558197}, "m_fHDRLensFlareThresholdD": {"type": "float32", "value": 0.10000000149011612}, "m_HDRLensFlareColorC": {"type": "SColorRGB", "value": "#9361ff"}, "m_fDepthOfFieldFocusEnd": {"type": "float32", "value": 400}, "m_bFogGlobal": {"type": "bool", "value": true}, "m_fFogTurbulenceOpacity": {"type": "float32", "value": 0.8500000238418579}, "m_fDepthOfFieldFocalFadeFar": {"type": "float32", "value": 600}, "m_bVignetteEnabled": {"type": "bool", "value": true}, "m_fVignetteStrength": {"type": "float32", "value": 1}, "m_VignetteColor": {"type": "SColorRGB", "value": "#ffe75e"}, "m_bSpatialBlurEnabled": {"type": "bool", "value": false}, "m_bRadialBlurEnabled": {"type": "bool", "value": false}, "m_fRadialBlurriness": {"type": "float32", "value": 1}, "m_bDistortionWobbleEnabled": {"type": "bool", "value": true}, "m_bDistortionWobbleUseRealTime": {"type": "bool", "value": false}, "m_fGaussianBlurriness": {"type": "float32", "value": 0.009999999776482582}, "m_vRadialBlurCenter": {"type": "SVector2", "value": {"x": 0.5, "y": 0.5}}, "m_fRadialBlurStart": {"type": "float32", "value": 0}, "m_vSpatialBlurCenter": {"type": "SVector3", "value": {"x": 0, "y": 0, "z": 0}}, "m_fSpatialBlurStart": {"type": "float32", "value": 0}, "m_fSpatialBlurFade": {"type": "float32", "value": 10}, "m_fSpatialBlurriness": {"type": "float32", "value": 1}, "m_fDepthOfFieldFocusStart": {"type": "float32", "value": 1}, "m_fDepthOfFieldFocalFadeNear": {"type": "float32", "value": 0.5}, "m_bDistortionBarrelUseRealTime": {"type": "bool", "value": false}, "m_vDistortionWobbleWaveLength": {"type": "SVector2", "value": {"x": 0.029999999329447743, "y": 0.029999999329447743}}, "m_vFogTurbulenceNearScale": {"type": "SVector3", "value": {"x": 10, "y": 10, "z": 10}}, "m_vFogTurbulenceVelocity": {"type": "SVector3", "value": {"x": 0.30000001192092896, "y": 0.5, "z": 0.10000000149011612}}, "m_fFogTurbulenceChaos": {"type": "float32", "value": 1}, "m_vHDRAdaptationSpeed": {"type": "SVector2", "value": {"x": 4, "y": 8}}, "m_HDRLensFlareColorA": {"type": "SColorRGB", "value": "#808cf0"}, "m_HDRLensFlareColorB": {"type": "SColorRGB", "value": "#806633"}, "m_HDRLensFlareColorD": {"type": "SColorRGB", "value": "#66664d"}, "m_vVignetteGradientLightColor": {"type": "SColorRGB", "value": "#b29800"}, "m_fVignetteGradientLightStrength": {"type": "float32", "value": 0.18000000715255737}, "m_bDepthOfFieldUseNew": {"type": "bool", "value": true}, "m_fDepthOfFieldFocalDistance": {"type": "float32", "value": 10}, "m_fDepthOfFieldAperture": {"type": "float32", "value": 0.3199999928474426}, "m_bDoubleVisionEnabled": {"type": "bool", "value": false}, "m_fDistortionWobbleScale": {"type": "float32", "value": 0.30000001192092896}, "m_bFogUseQuarterRes": {"type": "bool", "value": false}, "m_vFogNearDistances": {"type": "SVector2", "value": {"x": 10, "y": 100}}, "m_fDoubleVisionSpeed1": {"type": "float32", "value": 147}, "m_fDoubleVisionSpeed2": {"type": "float32", "value": 109}, "m_fDoubleVisionScaleSpeed1": {"type": "float32", "value": 121}, "m_fDoubleVisionScaleSpeed2": {"type": "float32", "value": 97}, "m_fDoubleVisionMinScale": {"type": "float32", "value": 0.07000000029802322}, "m_fDoubleVisionMaxScale": {"type": "float32", "value": 0.09000000357627869}, "m_fDoubleVisionBlendSpeed": {"type": "float32", "value": 80}, "m_fDoubleVisionBlendStrength": {"type": "float32", "value": 0.20000000298023224}, "m_fDoubleVisionTrailStrength": {"type": "float32", "value": 0.05000000074505806}, "m_fHDRBloomFalloff": {"type": "float32", "value": 2}, "m_eHDRToneMapType": {"type": "ZRenderPostfilterParametersEntity.EHDRToneMapType", "value": "eFilmicRGB"}, "m_vHDRAdaptationMiddleGrayMinMax": {"type": "SVector2", "value": {"x": 0.10000000149011612, "y": 0.5}}, "m_nParameterId": {"type": "int32", "value": 47}, "m_HDRAdaptionMiddleGrayCurveEntity": {"type": "SEntityTemplateReference", "value": "abcd68b2a66e8e18"}, "BillboardTexture": {"type": "ZRuntimeResourceID", "value": {"resource": "00DF65C520255827", "flag": "5F"}}, "m_vHDRAdaptationLuminanceMinMax": {"type": "SVector2", "value": {"x": 0.10000000149011612, "y": 1000}}, "m_vSSAOStrengthNearFar": {"type": "SVector2", "value": {"x": 0.6000000238418579, "y": 15}}, "m_vSSAODistanceNearFar": {"type": "SVector2", "value": {"x": 0.6000000238418579, "y": 15}}, "m_vSSAOScreenSpaceRadiusLimits": {"type": "SVector2", "value": {"x": 15, "y": 100}}, "m_HDRColorTint": {"type": "SColorRGB", "value": "#fff1e6"}, "m_fLensBlur": {"type": "float32", "value": 4}, "m_fNoiseIntensity": {"type": "float32", "value": 0.12999999523162842}, "m_fNoiseScale": {"type": "float32", "value": 0.30000001192092896}, "m_bDistortionBarrelEnabled": {"type": "bool", "value": false}}, "postInitProperties": {}, "editorOnly": false, "platformSpecificPropertyValues": []}}, {"op": "add", "path": "/entities/abcdfe0fe7b90acf", "value": {"parent": "abcd847d79dc5e40", "name": "ActorSpreadTransitionOperatorMaterial", "template": "[modules:/zactorspreadtransitionoperatormaterial.class].pc_entitytype", "blueprint": "[modules:/zactorspreadtransitionoperatormaterial.class].pc_entityblueprint", "properties": {"m_rMaterialOverrideFactory": {"type": "SEntityTemplateReference", "value": "abcd2c8f7f3bdc45"}, "m_bIgnoreDefaultSpreaders": {"type": "bool", "value": true}, "m_fTransitionTime": {"type": "float32", "value": 15}}, "postInitProperties": {}, "editorOnly": false, "platformSpecificPropertyValues": []}}, {"op": "add", "path": "/entities/abcd36209046175c", "value": {"parent": "abcd9d945d598097", "name": "ActorKeywordProxy", "template": "[modules:/zactorkeywordproxyentity.class].pc_entitytype", "blueprint": "[modules:/zactorkeywordproxyentity.class].pc_entityblueprint", "properties": {}, "postInitProperties": {}, "editorOnly": false, "platformSpecificPropertyValues": [], "events": [{"onEvent": "OnActorSet", "shouldTrigger": "GetKeyword", "onEntity": "abcd462cc10b1057"}]}}, {"op": "add", "path": "/entities/abcdbdeef3d0b809", "value": {"parent": "abcd847d79dc5e40", "name": "ActorProviderFilterRandom", "template": "[modules:/zactorproviderfilterrandom.class].pc_entitytype", "blueprint": "[modules:/zactorproviderfilterrandom.class].pc_entityblueprint", "properties": {}, "postInitProperties": {}, "editorOnly": false, "platformSpecificPropertyValues": []}}, {"op": "add", "path": "/entities/abcd510e666f7cb5", "value": {"parent": "abcde64127f1a2c2", "name": "Prof_Sapienza_Worker_LabBioSuit", "template": "[assembly:/_pro/design/actor/profession.template?/prof_sapienza_worker_labbiosuit.entitytemplate].pc_entitytype", "blueprint": "[assembly:/_pro/design/actor/profession.template?/prof_sapienza_worker_labbiosuit.entitytemplate].pc_entityblueprint", "properties": {}, "postInitProperties": {"m_aHolders": {"type": "TArray<SEntityTemplateReference>", "value": ["abcde64127f1a2c2"]}}, "editorOnly": false, "platformSpecificPropertyValues": []}}, {"op": "add", "path": "/entities/abcd1590466911ca", "value": {"parent": "abcd847d79dc5e40", "name": "PostfilterAreaBox", "template": "[assembly:/templates/aspectdummy.aspect]([modules:/zpostfilterareaboxentity.class].entitytype,[modules:/zvisibilitysaveaspect.class].entitytype).pc_entitytype", "blueprint": "[assembly:/templates/aspectdummy.aspect]([modules:/zpostfilterareaboxentity.class].entitytype,[modules:/zvisibilitysaveaspect.class].entitytype).pc_entityblueprint", "properties": {"m_mTransform": {"type": "SMatrix43", "value": {"rotation": {"x": 0.0, "y": 0.0, "z": 0.0}, "position": {"x": 0.0, "y": 0.0, "z": 0.0}}}, "m_vGlobalSize": {"type": "SVector3", "value": {"x": 4000.0, "y": 4000.0, "z": 4000.0}}, "m_PostfilterParametersID": {"type": "int32", "value": 47}, "m_bVisible": {"type": "bool", "value": false}}, "postInitProperties": {}, "editorOnly": false, "platformSpecificPropertyValues": []}}, {"op": "add", "path": "/entities/abcd0aba8eb6e559", "value": {"parent": "abcd847d79dc5e40", "name": "Infected Cough A", "template": "[assembly:/_pro/design/actor/spsystem.template?/dramasituation.entitytemplate].pc_entitytype", "blueprint": "[assembly:/_pro/design/actor/spsystem.template?/dramasituation.entitytemplate].pc_entityblueprint", "properties": {"m_bIsEnabled": {"type": "bool", "value": false}, "m_nPriority": {"type": "int32", "value": 2001}, "m_bIsRunning": {"type": "bool", "value": false}, "m_bIsStartCondValid": {"type": "bool", "value": false}, "m_sMatchNode": {"type": "ZString", "value": "BT_AMBIENCE"}, "m_eReentryBehavior": {"type": "ZDramaSituationEntity.EReentryBehavior", "value": "RB_RECASTANDRESTART"}, "m_rRequirements": {"type": "SEntityTemplateReference", "value": "abcd59216feeef79"}, "m_nCooldown": {"type": "float32", "value": 1}}, "postInitProperties": {"m_rDrama": {"type": "SEntityTemplateReference", "value": "abcd6d6bf2f90e4a"}, "m_aFilters": {"type": "TArray<SEntityTemplateReference>", "value": ["abcd3fa73abf6b1d", "abcdbdeef3d0b809", "abcd499ad2dd7966"]}}, "editorOnly": false, "platformSpecificPropertyValues": [], "propertyAliases": [{"exposeProperty": "m_rRequirements", "onEntity": "abcdba1e5034cdf6", "asProperty": "m_rRequirements"}, {"exposeProperty": "m_aFilters", "onEntity": "abcdba1e5034cdf6", "asProperty": "m_aFilters"}], "exposedInterfaces": [["ZActorProviderDirect", "abcdba1e5034cdf6"]]}}, {"op": "add", "path": "/entities/abcd367c81285131", "value": {"parent": "abcd847d79dc5e40", "name": "ActorSpreadController", "template": "[modules:/zactorspreadcontrollerentity.class].pc_entitytype", "blueprint": "[modules:/zactorspreadcontrollerentity.class].pc_entityblueprint", "properties": {"m_rEvaluator": {"type": "SEntityTemplateReference", "value": "abcd3b8cc2c8c60e"}, "m_rActorCounter": {"type": "SEntityTemplateReference", "value": "abcd3f932035b567"}, "m_bSpreadWhenPacified": {"type": "bool", "value": true}, "m_rIncludeKeywords": {"type": "SEntityTemplateReference", "value": "abcdcc53b11dd544"}, "m_fSpreadTimeThreshold": {"type": "float32", "value": 0}, "m_rPlayerSpreading": {"type": "SEntityTemplateReference", "value": "abcdd33c68935c2b"}, "m_rPlayerCandidateForSpreading": {"type": "SEntityTemplateReference", "value": "abcd939fe55b12eb"}}, "postInitProperties": {"m_aDefaultSpreadingActors": {"type": "TArray<SEntityTemplateReference>", "value": ["784a2a851ab909e6", "33f4db2f06df0000"]}, "m_rExcludeKeywords": {"type": "SEntityTemplateReference", "value": "abcde64127f1a2c2"}, "m_rTransitionOperator": {"type": "SEntityTemplateReference", "value": "abcdfe0fe7b90acf"}}, "editorOnly": false, "platformSpecificPropertyValues": [], "events": [{"onEvent": "OnActorAdded", "shouldTrigger": "SetActor", "onEntity": "abcd193ac3fe995c"}, {"onEvent": "OnPlayerRemoved", "shouldTrigger": "Trigger", "onEntity": "abcd62f9664a7f89"}, {"onEvent": "OnPlayerAdded", "shouldTrigger": "Trigger", "onEntity": "abcdb450805e43f3"}, {"onEvent": "OnPlayerAdded", "shouldTrigger": "TransmitTrue", "onEntity": "abcd4bbf3c4a4c4c"}, {"onEvent": "OnPlayerRemoved", "shouldTrigger": "TransmitFalse", "onEntity": "abcd4bbf3c4a4c4c"}, {"onEvent": "OnActorAdded", "shouldTrigger": "SetIActor", "onEntity": "abcd9d945d598097"}, {"onEvent": "OnPlayerAdded", "shouldTrigger": "TransmitEvent", "onEntity": "abcdcd9513c84a04"}, {"onEvent": "OnPlayerAdded", "shouldTrigger": "In", "onEntity": "abcdaca1aae13bb8"}, {"onEvent": "OnPlayerRemoved", "shouldTrigger": "In", "onEntity": "abcddbd5e69212f4"}, {"onEvent": "OnPlayerAdded", "shouldTrigger": "SetTrue", "onEntity": "abcd6e1ed88903fa"}, {"onEvent": "OnPlayerRemoved", "shouldTrigger": "SetTrue", "onEntity": "abcd059ee0415b94"}, {"onEvent": "OnPlayerAdded", "shouldTrigger": "SetTrue", "onEntity": "abcd6b51d89601c4"}, {"onEvent": "OnPlayerRemoved", "shouldTrigger": "SetFalse", "onEntity": "abcd6b51d89601c4"}, {"onEvent": "OnActorAdded", "shouldTrigger": "SetState", "onEntity": "abcdf5fd95728d84"}, {"onEvent": "OnPlayerAdded", "shouldTrigger": "Trigger", "onEntity": "abcd384d1567e176"}, {"onEvent": "OnPlayerRemoved", "shouldTrigger": "Trigger", "onEntity": "abcd572013868e72"}, {"onEvent": "OnActorAdded", "shouldTrigger": "TriggerSound", "onEntity": "abcd8ae9e6f7d1d4"}]}}, {"op": "add", "path": "/entities/abcdeac1ec52e4db", "value": {"parent": "abcde64127f1a2c2", "name": "Prof_Hokkaido_Unique_LabBioSuit", "template": "[assembly:/_pro/design/actor/profession.template?/prof_hokkaido_unique_labbiosuit.entitytemplate].pc_entitytype", "blueprint": "[assembly:/_pro/design/actor/profession.template?/prof_hokkaido_unique_labbiosuit.entitytemplate].pc_entityblueprint", "properties": {}, "postInitProperties": {"m_aHolders": {"type": "TArray<SEntityTemplateReference>", "value": ["abcde64127f1a2c2"]}}, "editorOnly": false, "platformSpecificPropertyValues": []}}, {"op": "add", "path": "/entities/abcd193ac3fe995c", "value": {"parent": "abcd847d79dc5e40", "name": "Contract", "template": "[modules:/zentity.class].pc_entitytype", "blueprint": "[modules:/zentity.class].pc_entityblueprint", "properties": {}, "postInitProperties": {}, "editorOnly": false, "platformSpecificPropertyValues": [], "inputCopying": [{"whenTriggered": "SetActor", "alsoTrigger": "SetActor", "onEntity": "abcdbc4a78599ce2"}]}}, {"op": "add", "path": "/entities/abcdcc0c5cf6091b", "value": {"parent": "abcd796a4c0d7816", "name": "Hitman got infected", "template": "[modules:/zeventreceiverentity_void.class].pc_entitytype", "blueprint": "[modules:/zeventreceiverentity_void.class].pc_entityblueprint", "properties": {}, "postInitProperties": {}, "editorOnly": false, "platformSpecificPropertyValues": [], "events": []}}, {"op": "add", "path": "/entities/abcd6e1ed88903fa", "value": {"parent": "abcd847d79dc5e40", "name": "ValueBool_Basic_PlayerAdded", "template": "[assembly:/_pro/design/logic/valuebool.template?/valuebool_basic.entitytemplate].pc_entitytype", "blueprint": "[assembly:/_pro/design/logic/valuebool.template?/valuebool_basic.entitytemplate].pc_entityblueprint", "properties": {}, "postInitProperties": {}, "editorOnly": false, "platformSpecificPropertyValues": [], "events": [{"onEvent": "OnTrue", "shouldTrigger": "In", "onEntity": "abcdaca1aae13bb8"}]}}, {"op": "add", "path": "/entities/abcdaca1aae13bb8", "value": {"parent": "abcd847d79dc5e40", "name": "TimerSimple01", "template": "[assembly:/_pro/design/logic.template?/timersimple.entitytemplate].pc_entitytype", "blueprint": "[assembly:/_pro/design/logic.template?/timersimple.entitytemplate].pc_entityblueprint", "properties": {}, "postInitProperties": {}, "editorOnly": false, "platformSpecificPropertyValues": [], "events": [{"onEvent": "Out", "shouldTrigger": "SetFalse", "onEntity": "abcd6e1ed88903fa"}]}}, {"op": "add", "path": "/entities/abcd24a7e3e5e8d5", "value": {"parent": "abcd2c8f7f3bdc45", "name": "Association_Skin_Head", "template": "[modules:/zrendermaterialoverrideassociationbytag.class].pc_entitytype", "blueprint": "[modules:/zrendermaterialoverrideassociationbytag.class].pc_entityblueprint", "properties": {"m_pOverrideMaterial": {"type": "ZRuntimeResourceID", "value": {"resource": "0099B0D881C5F479", "flag": "5F"}}, "m_Tag": {"type": "ZString", "value": "skin_head"}, "m_nPriorityGroup": {"type": "uint32", "value": 1}}, "postInitProperties": {}, "editorOnly": false, "platformSpecificPropertyValues": []}}, {"op": "add", "path": "/entities/abcdb277f5c81b57", "value": {"parent": "abcd796a4c0d7816", "name": "Remove Hitman from the Spread entity", "template": "[modules:/zeventtransmitterentity_void.class].pc_entitytype", "blueprint": "[modules:/zeventtransmitterentity_void.class].pc_entityblueprint", "properties": {"m_Receivers": {"type": "TArray<SEntityTemplateReference>", "value": ["abcd0874e41d53b4"]}}, "postInitProperties": {}, "editorOnly": false, "platformSpecificPropertyValues": []}}, {"op": "add", "path": "/entities/abcd3f932035b567", "value": {"parent": "abcd847d79dc5e40", "name": "Number of infected", "template": "[assembly:/_pro/design/logic/valueint.template?/valueint.entitytemplate].pc_entitytype", "blueprint": "[assembly:/_pro/design/logic/valueint.template?/valueint.entitytemplate].pc_entityblueprint", "properties": {}, "postInitProperties": {}, "editorOnly": false, "platformSpecificPropertyValues": []}}, {"op": "add", "path": "/entities/abcd9d945d598097", "value": {"parent": "abcd847d79dc5e40", "name": "Virus Keyword", "template": "[modules:/zentity.class].pc_entitytype", "blueprint": "[modules:/zentity.class].pc_entityblueprint", "properties": {}, "postInitProperties": {}, "editorOnly": false, "platformSpecificPropertyValues": [], "inputCopying": [{"whenTriggered": "SetIActor", "alsoTrigger": "SetIActor", "onEntity": "abcd36209046175c"}]}}, {"op": "add", "path": "/entities/abcdfe52f82e09e9", "value": {"parent": "abcd19ad9af0c3ae", "name": "Sitting Chair Table", "template": "[modules:/zactornetworkquery.class].pc_entitytype", "blueprint": "[modules:/zactornetworkquery.class].pc_entityblueprint", "properties": {"m_bIsStill": {"type": "bool", "value": false}, "m_bIsSitting": {"type": "bool", "value": false}, "m_bIsMoving": {"type": "bool", "value": false}, "m_bIsSittingChairTable": {"type": "bool", "value": true}, "m_bIsSittingChair": {"type": "bool", "value": false}, "m_bIsSittingBench": {"type": "bool", "value": false}, "m_bIsReacting": {"type": "bool", "value": false}}, "postInitProperties": {"m_rActor": {"type": "SEntityTemplateReference", "value": "abcdba1e5034cdf6"}}, "editorOnly": false, "platformSpecificPropertyValues": []}}, {"op": "add", "path": "/entities/abcd572013868e72", "value": {"parent": "abcd7adb7f725e31", "name": "DianaSpeak 47 cured", "template": "[assembly:/_pro/design/gamecore/intel.template?/dianaspeak.entitytemplate].pc_entitytype", "blueprint": "[assembly:/_pro/design/gamecore/intel.template?/dianaspeak.entitytemplate].pc_entityblueprint", "properties": {"m_pHandlerSpeak": {"type": "ZRuntimeResourceID", "value": {"resource": "00F747E1079201BA", "flag": "5F"}}, "m_eMaxTension": {"type": "EIntelTensionLevel", "value": "eITL_Combat"}}, "postInitProperties": {}, "editorOnly": false, "platformSpecificPropertyValues": []}}, {"op": "add", "path": "/entities/abcd4bbf3c4a4c4c", "value": {"parent": "abcd847d79dc5e40", "name": "Post Filter AreaBox Visibility", "template": "[modules:/zeventtransmitterentity_bool.class].pc_entitytype", "blueprint": "[modules:/zeventtransmitterentity_bool.class].pc_entityblueprint", "properties": {"m_Receivers": {"type": "TArray<SEntityTemplateReference>", "value": ["abcd6482fb02dc9d"]}}, "postInitProperties": {}, "editorOnly": false, "platformSpecificPropertyValues": []}}, {"op": "add", "path": "/entities/abcd8ae9e6f7d1d4", "value": {"parent": "abcd7adb7f725e31", "name": "play_gui_contaminationcounter_increase", "template": "[assembly:/templates/sound/customsoundtemplates.template?/hud_sound_event.entitytemplate].pc_entitytype", "blueprint": "[assembly:/templates/sound/customsoundtemplates.template?/hud_sound_event.entitytemplate].pc_entityblueprint", "properties": {"m_pEmitter": {"type": "SEntityTemplateReference", "value": "abcd194d705ae759"}, "m_pMainEvent": {"type": "ZRuntimeResourceID", "value": {"resource": "00684D6DEC28D892", "flag": "5F"}}, "SoundPriorityTime": {"type": "int32", "value": 1000}, "Priority": {"type": "float32", "value": 1}}, "postInitProperties": {}, "editorOnly": false, "platformSpecificPropertyValues": []}}, {"op": "add", "path": "/entities/abcd462cc10b1057", "value": {"parent": "abcd9d945d598097", "name": "Keyword_FLU_INFECTED", "template": "00BC8589C99756D3", "blueprint": "003D7776CDF8A6CC", "properties": {"m_rHolder": {"type": "SEntityTemplateReference", "value": "abcd9d945d598097"}}, "postInitProperties": {}, "editorOnly": false, "platformSpecificPropertyValues": [], "events": [{"onEvent": "Keyword", "shouldTrigger": "AddKeyword", "onEntity": "abcd36209046175c"}]}}, {"op": "add", "path": "/entities/abcd059ee0415b94", "value": {"parent": "abcd847d79dc5e40", "name": "ValueBool_Basic_PlayerRemoved", "template": "[assembly:/_pro/design/logic/valuebool.template?/valuebool_basic.entitytemplate].pc_entitytype", "blueprint": "[assembly:/_pro/design/logic/valuebool.template?/valuebool_basic.entitytemplate].pc_entityblueprint", "properties": {}, "postInitProperties": {}, "editorOnly": false, "platformSpecificPropertyValues": [], "events": [{"onEvent": "OnTrue", "shouldTrigger": "In", "onEntity": "abcddbd5e69212f4"}]}}, {"op": "add", "path": "/entities/abcdd509b8978b74", "value": {"parent": "abcd2c8f7f3bdc45", "name": "Association_Skin_Base_Head", "template": "[modules:/zrendermaterialoverrideassociationbytag.class].pc_entitytype", "blueprint": "[modules:/zrendermaterialoverrideassociationbytag.class].pc_entityblueprint", "properties": {"m_pOverrideMaterial": {"type": "ZRuntimeResourceID", "value": {"resource": "0099B0D881C5F479", "flag": "5F"}}, "m_Tag": {"type": "ZString", "value": "skin_base_head"}}, "postInitProperties": {}, "editorOnly": false, "platformSpecificPropertyValues": []}}, {"op": "add", "path": "/entities/abcd3ddd7db4cb17", "value": {"parent": "abcdcc53b11dd544", "name": "Keyword_ACTOR_NAKED", "template": "0039F9AE27696969", "blueprint": "00BC94375F696969", "properties": {"m_rHolder": {"type": "SEntityTemplateReference", "value": "abcdcc53b11dd544"}}, "postInitProperties": {}, "editorOnly": false, "platformSpecificPropertyValues": []}}, {"op": "add", "path": "/entities/abcdaca08df1a6c8", "value": {"parent": "abcd847d79dc5e40", "name": "VolumeBox", "template": "[modules:/zboxvolumeentity.class].pc_entitytype", "blueprint": "[modules:/zboxvolumeentity.class].pc_entityblueprint", "properties": {"m_vGlobalSize": {"type": "SVector3", "value": {"x": 400, "y": 400, "z": 400}}, "m_mTransform": {"type": "SMatrix43", "value": {"rotation": {"x": 0.0, "y": 0.0, "z": 0.0}, "position": {"x": 0.0, "y": 0.0, "z": 0.0}}}}, "postInitProperties": {}, "editorOnly": false, "platformSpecificPropertyValues": []}}, {"op": "add", "path": "/entities/abcde8d1bc5eb4b0", "value": {"parent": "abcd847d79dc5e40", "name": "Excluding Keywords", "template": "[modules:/zentity.class].pc_entitytype", "blueprint": "[modules:/zentity.class].pc_entityblueprint", "properties": {}, "postInitProperties": {}, "editorOnly": false, "platformSpecificPropertyValues": []}}, {"op": "add", "path": "/entities/abcd19ad9af0c3ae", "value": {"parent": "abcd0aba8eb6e559", "name": "Not Sitting", "template": "[assembly:/_pro/design/logic/valuebool.template?/valuebool_operation.entitytemplate].pc_entitytype", "blueprint": "[assembly:/_pro/design/logic/valuebool.template?/valuebool_operation.entitytemplate].pc_entityblueprint", "properties": {"m_aValues": {"type": "TArray<SEntityTemplateReference>", "value": ["abcd99bd785b484a"]}, "m_eEvaluation": {"type": "ZValueBool_Operation_Signal.EEvaluationType", "value": "NONE"}, "m_rActor": {"type": "SEntityTemplateReference", "value": "abcdba1e5034cdf6"}}, "postInitProperties": {}, "editorOnly": false, "platformSpecificPropertyValues": [], "propertyAliases": [{"exposeProperty": "m_rActor", "onEntity": "abcd99bd785b484a", "asProperty": "m_rActor"}, {"exposeProperty": "m_rActor", "onEntity": "abcd79cb12b81a7e", "asProperty": "m_rActor"}, {"exposeProperty": "m_rActor", "onEntity": "abcdc12fb32299a5", "asProperty": "m_rActor"}, {"exposeProperty": "m_rActor", "onEntity": "abcdfe52f82e09e9", "asProperty": "m_rActor"}], "inputCopying": [{"whenTriggered": "Get", "alsoTrigger": "Get", "onEntity": "abcd99bd785b484a"}, {"whenTriggered": "Get", "alsoTrigger": "Get", "onEntity": "abcd79cb12b81a7e"}, {"whenTriggered": "Get", "alsoTrigger": "Get", "onEntity": "abcdc12fb32299a5"}, {"whenTriggered": "Get", "alsoTrigger": "Get", "onEntity": "abcdfe52f82e09e9"}]}}, {"op": "add", "path": "/entities/abcd3b8cc2c8c60e", "value": {"parent": "abcd847d79dc5e40", "name": "Range", "template": "[modules:/zactorspreadevaluatorreasoninggrid.class].pc_entitytype", "blueprint": "[modules:/zactorspreadevaluatorreasoninggrid.class].pc_entityblueprint", "properties": {"m_fInSpreadRangeDistance": {"type": "float32", "value": 3}}, "postInitProperties": {}, "editorOnly": false, "platformSpecificPropertyValues": []}}, {"op": "add", "path": "/entities/abcd7cdad818eed8", "value": {"parent": "abcd0aba8eb6e559", "name": "ActorDynamicTemplateManipulator", "template": "[modules:/zactordynamictemplatemanipulator.class].pc_entitytype", "blueprint": "[modules:/zactordynamictemplatemanipulator.class].pc_entityblueprint", "properties": {"m_pTemplate": {"type": "ZRuntimeResourceID", "value": {"resource": "003D168A213FB425", "flag": "5F"}}}, "postInitProperties": {}, "editorOnly": false, "platformSpecificPropertyValues": []}}, {"op": "add", "path": "/entities/abcdb450805e43f3", "value": {"parent": "abcd847d79dc5e40", "name": "Event_47Infected", "template": "[modules:/zcontractsevententity.class].pc_entitytype", "blueprint": "[modules:/zcontractsevententity.class].pc_entityblueprint", "properties": {"m_sName": {"type": "ZString", "value": "47_Infected"}}, "postInitProperties": {}, "editorOnly": false, "platformSpecificPropertyValues": []}}, {"op": "add", "path": "/entities/abcd3a74342add12", "value": {"parent": "abcd847d79dc5e40", "name": "Event_AntidoteLost", "template": "[modules:/zcontractsevententity.class].pc_entitytype", "blueprint": "[modules:/zcontractsevententity.class].pc_entityblueprint", "properties": {"m_sName": {"type": "ZString", "value": "AntidoteLost"}}, "postInitProperties": {}, "editorOnly": false, "platformSpecificPropertyValues": []}}, {"op": "add", "path": "/entities/abcd939fe55b12eb", "value": {"parent": "abcd847d79dc5e40", "name": "ValueBool_CandidateForSpreading", "template": "[assembly:/_pro/design/logic/valuebool.template?/valuebool.entitytemplate].pc_entitytype", "blueprint": "[assembly:/_pro/design/logic/valuebool.template?/valuebool.entitytemplate].pc_entityblueprint", "properties": {}, "postInitProperties": {}, "editorOnly": false, "platformSpecificPropertyValues": []}}, {"op": "add", "path": "/entities/abcdcc53b11dd544", "value": {"parent": "abcd847d79dc5e40", "name": "Naked", "template": "[modules:/zentity.class].pc_entitytype", "blueprint": "[modules:/zentity.class].pc_entityblueprint", "properties": {}, "postInitProperties": {}, "editorOnly": false, "platformSpecificPropertyValues": []}}, {"op": "add", "path": "/entities/abcd68b2a66e8e18", "value": {"parent": "abcd847d79dc5e40", "name": "MiddleGrayCurve", "template": "[modules:/zmiddlegraycurveentity.class].pc_entitytype", "blueprint": "[modules:/zmiddlegraycurveentity.class].pc_entityblueprint", "properties": {"m_Remap": {"type": "ZCurve", "value": {"data": [[-6, 0.00892084464430809, 0, 0, 0, 0, 0.002681906335055828, 0.00892084464430809], [-2.405212163925171, 0.011602750979363918, 0, 0, 0, 0, 0.03227895125746727, 0.011602750979363918], [-1.0155340433120728, 0.04388170316815376, 0, 0, 0, 0, 0.03788979351520538, 0.04388170316815376], [-0.003279192140325904, 0.08177150040864944, 0, 0, 0, 0, 0.06199170649051666, 0.08177150040864944], [0.553508996963501, 0.1437631994485855, 0, 0, 0, 0, 0.09419499337673189, 0.1437631994485855], [0.9531707167625428, 0.23795819282531736, 0, 0, 0, 0, 0.201903373003006, 0.23795819282531736], [1.229925274848938, 0.43986156582832336, 0, 0, 0, 0, 0.36750471591949463, 0.43986156582832336], [1.8880813121795657, 0.8073663115501404, 0, 0, 0, 0, 0.06119313836097717, 0.8073663115501404], [3.25150728225708, 0.8685594201087952, 0, 0, 0, 0, 0, 0.8685594201087952]]}}}, "postInitProperties": {}, "editorOnly": false, "platformSpecificPropertyValues": []}}, {"op": "add", "path": "/entities/abcd19984ddb4409", "value": {"parent": "abcd0aba8eb6e559", "name": "Poll Not Sitting", "template": "[assembly:/_pro/design/logic/valuebool.template?/valuebool_poll.entitytemplate].pc_entitytype", "blueprint": "[assembly:/_pro/design/logic/valuebool.template?/valuebool_poll.entitytemplate].pc_entityblueprint", "properties": {"m_rValueEntity": {"type": "SEntityTemplateReference", "value": "abcd19ad9af0c3ae"}}, "postInitProperties": {}, "editorOnly": false, "platformSpecificPropertyValues": [], "events": [{"onEvent": "PollFalse", "shouldTrigger": "Done", "onEntity": "abcd6d6bf2f90e4a"}, {"onEvent": "PollTrue", "shouldTrigger": "Get", "onEntity": "abcd31dd41ead1de"}]}}, {"op": "add", "path": "/entities/abcddbd5e69212f4", "value": {"parent": "abcd847d79dc5e40", "name": "TimerSimple", "template": "[assembly:/_pro/design/logic.template?/timersimple.entitytemplate].pc_entitytype", "blueprint": "[assembly:/_pro/design/logic.template?/timersimple.entitytemplate].pc_entityblueprint", "properties": {}, "postInitProperties": {}, "editorOnly": false, "platformSpecificPropertyValues": [], "events": [{"onEvent": "Out", "shouldTrigger": "SetFalse", "onEntity": "abcd059ee0415b94"}]}}, {"op": "add", "path": "/entities/abcdcd9513c84a04", "value": {"parent": "abcd847d79dc5e40", "name": "Make Vaccine Glow", "template": "[modules:/zeventtransmitterentity_void.class].pc_entitytype", "blueprint": "[modules:/zeventtransmitterentity_void.class].pc_entityblueprint", "properties": {"m_Receivers": {"type": "TArray<SEntityTemplateReference>", "value": []}}, "postInitProperties": {}, "editorOnly": false, "platformSpecificPropertyValues": []}}, {"op": "add", "path": "/entities/abcdc12fb32299a5", "value": {"parent": "abcd19ad9af0c3ae", "name": "Sitting Chair", "template": "[modules:/zactornetworkquery.class].pc_entitytype", "blueprint": "[modules:/zactornetworkquery.class].pc_entityblueprint", "properties": {"m_bIsStill": {"type": "bool", "value": false}, "m_bIsSitting": {"type": "bool", "value": false}, "m_bIsMoving": {"type": "bool", "value": false}, "m_bIsSittingChairTable": {"type": "bool", "value": false}, "m_bIsSittingChair": {"type": "bool", "value": true}, "m_bIsSittingBench": {"type": "bool", "value": false}, "m_bIsReacting": {"type": "bool", "value": false}, "m_rActor": {"type": "SEntityTemplateReference", "value": "abcdba1e5034cdf6"}}, "postInitProperties": {}, "editorOnly": false, "platformSpecificPropertyValues": []}}, {"op": "add", "path": "/entities/abcd796a4c0d7816", "value": {"parent": "abcd847d79dc5e40", "name": "Vaccine", "template": "[modules:/zentity.class].pc_entitytype", "blueprint": "[modules:/zentity.class].pc_entityblueprint", "properties": {}, "postInitProperties": {}, "editorOnly": false, "platformSpecificPropertyValues": []}}, {"op": "add", "path": "/entities/abcdf5fd95728d84", "value": {"parent": "abcd847d79dc5e40", "name": "InfectedIcon", "template": "[modules:/zactorsecondaryiconstateentity.class].pc_entitytype", "blueprint": "[modules:/zactorsecondaryiconstateentity.class].pc_entityblueprint", "properties": {"m_bApplyToActorListOnStart": {"type": "bool", "value": true}, "m_eState": {"type": "EActorSecondaryIconState", "value": "eSIS_Infected_Stage3"}}, "postInitProperties": {"m_aActors": {"type": "TArray<SEntityTemplateReference>", "value": ["784a2a851ab909e6", "33f4db2f06df0000"]}}, "editorOnly": false, "platformSpecificPropertyValues": []}}, {"op": "add", "path": "/entities/abcd3fa73abf6b1d", "value": {"parent": "abcd847d79dc5e40", "name": "ActorProviderFilterVolume", "template": "[modules:/zactorproviderfiltervolume.class].pc_entitytype", "blueprint": "[modules:/zactorproviderfiltervolume.class].pc_entityblueprint", "properties": {}, "postInitProperties": {"m_Boxes": {"type": "TArray<SEntityTemplateReference>", "value": ["abcdaca08df1a6c8"]}}, "editorOnly": false, "platformSpecificPropertyValues": []}}, {"op": "add", "path": "/entities/abcd6cf633333184", "value": {"parent": "abcd847d79dc5e40", "name": "Keyword_FLU_COUGH_COOLDOWN", "template": "00F0DBA38A8B0B2C", "blueprint": "00E1E3ABB8F48A25", "properties": {"m_rHolder": {"type": "SEntityTemplateReference", "value": "abcde8d1bc5eb4b0"}}, "postInitProperties": {}, "editorOnly": false, "platformSpecificPropertyValues": []}}, {"op": "add", "path": "/entities/abcdba1e5034cdf6", "value": {"parent": "abcd0aba8eb6e559", "name": "Role", "template": "[assembly:/_pro/design/actor/spsystem.template?/role.entitytemplate].pc_entitytype", "blueprint": "[assembly:/_pro/design/actor/spsystem.template?/role.entitytemplate].pc_entityblueprint", "properties": {"m_rRequirements": {"type": "SEntityTemplateReference", "value": "abcd59216feeef79"}}, "postInitProperties": {"m_aFilters": {"type": "TArray<SEntityTemplateReference>", "value": ["abcd3fa73abf6b1d", "abcdbdeef3d0b809", "abcd499ad2dd7966"]}}, "editorOnly": false, "platformSpecificPropertyValues": [], "events": [{"onEvent": "OnLeaveDrama", "shouldTrigger": "Trigger", "onEntity": "abcd7cdad818eed8"}, {"onEvent": "OnIActorChanged", "shouldTrigger": "SetIActor", "onEntity": "abcd7cdad818eed8"}]}}, {"op": "add", "path": "/entities/abcd194d705ae759", "value": {"parent": "abcd7adb7f725e31", "name": "MissionSpecific_UI_HUD_2dAe", "template": "[assembly:/templates/sound/wwise/soundentities.template?/2daudioemitter.entitytemplate].pc_entitytype", "blueprint": "[assembly:/templates/sound/wwise/soundentities.template?/2daudioemitter.entitytemplate].pc_entityblueprint", "properties": {"m_bIsEnabled": {"type": "bool", "value": true}}, "postInitProperties": {}, "editorOnly": false, "platformSpecificPropertyValues": []}}, {"op": "add", "path": "/entities/abcd1be27903e685", "value": {"parent": "abcd0aba8eb6e559", "name": "Act_MR_Stand_Infected_Virus", "template": "00CEF3F7AF696969", "blueprint": "005A9E924B696969", "properties": {"m_mTransform": {"type": "SMatrix43", "value": {"rotation": {"x": 0.0, "y": 0.0, "z": 0.0}, "position": {"x": -1.4492559432983398, "y": 10.211050033569336, "z": 1.1242879629135132}}}}, "postInitProperties": {"m_pActor": {"type": "SEntityTemplateReference", "value": "abcdba1e5034cdf6"}}, "editorOnly": false, "platformSpecificPropertyValues": [], "events": [{"onEvent": "OnActDone", "shouldTrigger": "Done", "onEntity": "abcd6d6bf2f90e4a"}]}}, {"op": "add", "path": "/entities/abcd62f9664a7f89", "value": {"parent": "abcd847d79dc5e40", "name": "Event_47Cured", "template": "[modules:/zcontractsevententity.class].pc_entitytype", "blueprint": "[modules:/zcontractsevententity.class].pc_entityblueprint", "properties": {"m_sName": {"type": "ZString", "value": "47_Cured"}}, "postInitProperties": {}, "editorOnly": false, "platformSpecificPropertyValues": []}}, {"op": "add", "path": "/entities/abcde64127f1a2c2", "value": {"parent": "abcd847d79dc5e40", "name": "Virus Blockers", "template": "[modules:/zentity.class].pc_entitytype", "blueprint": "[modules:/zentity.class].pc_entityblueprint", "properties": {}, "postInitProperties": {}, "editorOnly": false, "platformSpecificPropertyValues": []}}, {"op": "add", "path": "/entities/abcdfccba18b1fa1", "value": {"parent": "abcde64127f1a2c2", "name": "Keyword_FLU_IMMUNE", "template": "00406FE20954D677", "blueprint": "00793E9C0E54CB64", "properties": {}, "postInitProperties": {"m_rHolder": {"type": "SEntityTemplateReference", "value": "abcde64127f1a2c2"}}, "editorOnly": false, "platformSpecificPropertyValues": []}}, {"op": "add", "path": "/entities/33f4db2f06df0000/properties/m_InventoryItemKeys", "value": {"type": "TArray<SEntityTemplateReference>", "value": ["560b37d1c5f5150d"]}}, {"op": "add", "path": "/entities/784a2a851ab909e6/properties/m_InventoryItemKeys", "value": {"type": "TArray<SEntityTemplateReference>", "value": ["560b37d1c5f5150d"]}}], "patchVersion": 4}