{
    "Metadata": {
        "Id": "755984a8-fb0b-4673-8637-95cfe7d34e0f",
        "CodeName_Hint": "Bulldog",
        "Release": "3.0.0",
        "Type": "mission",
        "Title": "UI_CONTRACT_BULLDOG_TITLE",
        "Description": "UI_CONTRACT_BULLDOG_DESC",
        "BriefingVideo": "briefing_bulldog",
        "DebriefingVideo": "debriefing_bulldog",
        "ScenePath": "assembly:/_PRO/Scenes/Missions/Ancestral/scene_bulldog.entity",
        "TileImage": "images/contracts/bulldog/bulldog_tile.jpg",
        "Location": "LOCATION_ANCESTRAL_BULLDOG",
        "IsPublished": true,
        "LastUpdate": "2015-04-13T09:17:05.987Z",
        "CreationTimestamp": "2015-03-25T13:08:00.173Z",
        "CreatorUserId": "7545ee96-063a-49b6-a1d9-9fc2656e565a",
        "RequiredUnlockable": "ACCESS_HIT_BULLDOG",
        "Drops": [
            "ACCESS_HIT_FOX"
        ],
        "Opportunities": [
            "81a84bc1-3219-4f40-8f42-7c49de5166f7",
            "dcdf2ec2-64f2-493d-80ea-641f32a53794",
            "0da56b6a-5462-4bec-8721-d36ab91cf4d6"
        ],
        "Entitlements": [
            "LOCATION_ANCESTRAL"
        ]
    },
    "UserData": {},
    "Data": {
        "Bricks": [
            "assembly:/_pro/scenes/missions/ancestral/mission_bulldog.brick"
        ],
        "DevOnlyBricks": [
            "assembly:/_pro/scenes/missions/ancestral/dev_bulldog.brick"
        ],
        "VR": [
            {
                "Quality": "base",
                "Bricks": [
                    "assembly:/_pro/Scenes/Bricks/vr_setup.brick",
                    "assembly:/_pro/scenes/missions/ancestral/vr_overrides_ancestral_bulldog.brick",
                    "assembly:/_pro/scenes/missions/ancestral/vr_overrides_ps4perf.brick"
                ]
            },
            {
                "Quality": "better",
                "Bricks": [
                    "assembly:/_pro/Scenes/Bricks/vr_setup.brick",
                    "assembly:/_pro/scenes/missions/ancestral/vr_overrides_ancestral_bulldog.brick"
                ]
            }
        ],
        "GameChangers": [],
        "GameDifficulties": [
            {
                "Difficulty": "easy",
                "Bricks": [
                    "assembly:/_pro/scenes/missions/ancestral/difficulty_easy_bulldog.brick"
                ]
            },
            {
                "Difficulty": "normal",
                "Bricks": []
            },
            {
                "Difficulty": "hard",
                "Bricks": [
                    "assembly:/_pro/scenes/missions/ancestral/difficulty_hard_bulldog.brick"
                ]
            }
        ],
        "Objectives": [
            {
                "_comment": "----- Eliminate Alexa Carlisle -----",
                "Id": "b7c9b7aa-e23a-4a30-816b-03e59e60c2fc",
                "Primary": true,
                "RepeatSuccess": 1,
                "RepeatFailed": 1,
                "SuccessEvent": {
                    "EventName": "Kill",
                    "EventValues": {
                        "RepositoryId": "080efb03-a66a-401e-b6df-4eac496e9e2d"
                    }
                }
            },
            {
                "_comment": "----- Find the Case File -----",
                "Id": "ccb699ba-e975-40bd-aa7b-9b3c88cd6448",
                "Category": "primary",
                "ObjectiveType": "custom",
                "ForceShowOnLoadingScreen": true,
                "Image": "images/actors/Ancestral_gather_intel.jpg",
                "BriefingName": "$loc UI_CONTRACT_BULLDOG_OBJ_FILE_NAME",
                "BriefingText": "$loc UI_CONTRACT_BULLDOG_OBJ_FILE_TEXT",
                "LongBriefingText": "$loc UI_CONTRACT_BULLDOG_OBJ_FILE_LONG",
                "HUDTemplate": {
                    "display": "$loc UI_CONTRACT_BULLDOG_OBJ_FILE_TEXT",
                    "iconType": 17
                },
                "Type": "statemachine",
                "Definition": {
                    "Context": {
                        "CaseFile": [
                            "e5bde241-5958-496d-9d2d-39932fe93123"
                        ],
                        "Casepart": [
                            "a7afa677-83d0-4aba-82f4-78654de07ed2",
                            "79fc044c-e3cc-4f92-8402-394a1699d4c3"
                        ]
                    },
                    "States": {
                        "Start": {
                            "CaseFileAcquired": {
                                "Transition": "Success"
                            },
                            "BothCasePartsAcquired": {
                                "Transition": "Success"
                            }
                        }
                    }
                }
            },
            {
                "Id": "dbbca274-daf3-45e8-8b3d-1fd7e1dd4340",
                "Primary": true,
                "SuccessEvent": {
                    "EventName": "Kill",
                    "EventValues": {
                        "RepositoryId": "5403294c-5390-46ba-a246-4bb6108253c0"
                    }
                }
            },
            {
                "Id": "b8ffc636-4f9a-49b5-8293-98839a6ca202",
                "ObjectiveType": "custom",
                "IgnoreIfInactive": true,
                "OnActive": {
                    "IfCompleted": {
                        "Visible": false
                    }
                },
                "OnInactive": {
                    "IfCompleted": {
                        "State": "Completed"
                    }
                },
                "Image": "images/contracts/whitespider/004_flu/Eliminate_Infected_Obj.jpg",
                "BriefingName": "$loc UI_CONTRACT_FLU_ELIMINATE_INFECTED_COUNT_HEAD",
                "BriefingText": "$loc UI_CONTRACT_FLU_ELIMINATE_INFECTED_OBJ",
                "Category": "primary",
                "HUDTemplate": {
                    "display": "$loc UI_CONTRACT_FLU_ELIMINATE_INFECTED_OBJ",
                    "iconType": 19
                },
                "Type": "statemachine",
                "Definition": {
                    "ContextListeners": {
                        "TargetsCounter": {
                            "type": "objective-counter",
                            "header": "UI_CONTRACT_FLU_ELIMINATE_INFECTED_COUNT_HEAD"
                        }
                    },
                    "Context": {
                        "KilledActors": [],
                        "Targets": [],
                        "TargetsCounter": 0
                    },
                    "States": {
                        "Start": {
                            "-": {
                                "Transition": "Success"
                            }
                        },
                        "Success": {
                            "TargetPicked": [
                                {
                                    "Condition": {
                                        "$not": {
                                            "$eq": [
                                                "080efb03-a66a-401e-b6df-4eac496e9e2d",
                                                "5403294c-5390-46ba-a246-4bb6108253c0"
                                            ]
                                        }
                                    },
                                    "Actions": {
                                        "$inc": "TargetsCounter",
                                        "$pushunique": [
                                            "Targets",
                                            "$Value.RepositoryId"
                                        ]
                                    },
                                    "Transition": "TargetPicked"
                                }
                            ]
                        },
                        "TargetPicked": {
                            "TargetPicked": [
                                {
                                    "Condition": {
                                        "$not": {
                                            "$eq": [
                                                "080efb03-a66a-401e-b6df-4eac496e9e2d",
                                                "5403294c-5390-46ba-a246-4bb6108253c0"
                                            ]
                                        }
                                    },
                                    "Actions": {
                                        "$inc": "TargetsCounter",
                                        "$pushunique": [
                                            "Targets",
                                            "$Value.RepositoryId"
                                        ]
                                    }
                                }
                            ],
                            "Kill": [
                                {
                                    "Actions": {
                                        "$pushunique": [
                                            "KilledActors",
                                            "$Value.RepositoryId"
                                        ]
                                    }
                                },
                                {
                                    "Actions": {
                                        "$dec": "TargetsCounter"
                                    },
                                    "Condition": {
                                        "$inarray": {
                                            "in": "$.Targets",
                                            "?": {
                                                "$eq": [
                                                    "$.#",
                                                    "$Value.RepositoryId"
                                                ]
                                            }
                                        }
                                    }
                                },
                                {
                                    "Condition": {
                                        "$all": {
                                            "in": "$.Targets",
                                            "?": {
                                                "$any": {
                                                    "in": "$.KilledActors",
                                                    "?": {
                                                        "$eq": [
                                                            "$.#",
                                                            "$.##"
                                                        ]
                                                    }
                                                }
                                            }
                                        }
                                    },
                                    "Transition": "Success"
                                }
                            ],
                            "ContractLoad": [
                                {
                                    "Actions": {
                                        "$set": [
                                            "TargetsCounter",
                                            "$.TargetsCounter"
                                        ]
                                    }
                                }
                            ]
                        }
                    }
                }
            },
            {
                "Id": "2c22eb96-bad8-4514-83c4-eece9c2c5988",
                "ObjectiveType": "custom",
                "IgnoreIfInactive": true,
                "OnActive": {
                    "IfInProgress": {
                        "Visible": false
                    },
                    "IfFailed": {
                        "Visible": false
                    },
                    "IfCompleted": {
                        "Visible": true
                    }
                },
                "Image": "images/contracts/whitespider/004_flu/Eliminate_Infected_Obj.jpg",
                "BriefingName": "$loc UI_CONTRACT_FLU_ELIMINATE_INFECTED_COUNT_HEAD",
                "BriefingText": "$loc UI_CONTRACT_FLU_ELIMINATE_INFECTED_OBJ",
                "ExcludeFromScoring": true,
                "Category": "secondary",
                "HUDTemplate": {
                    "display": "$loc UI_CONTRACT_FLU_ELIMINATE_INFECTED_OBJ",
                    "iconType": 19
                },
                "Type": "statemachine",
                "Definition": {
                    "ContextListeners": {
                        "TotalTargetsCounter": {
                            "type": "objective-counter",
                            "header": "UI_CONTRACT_FLU_ELIMINATE_INFECTED_COUNT_HEAD"
                        }
                    },
                    "Context": {
                        "TotalTargetsCounter": 0
                    },
                    "States": {
                        "Start": {
                            "TargetPicked": [
                                {
                                    "Actions": {
                                        "$inc": "TotalTargetsCounter"
                                    }
                                }
                            ],
                            "ContractLoad": [
                                {
                                    "Actions": {
                                        "$set": [
                                            "TotalTargetsCounter",
                                            "$.TotalTargetsCounter"
                                        ]
                                    }
                                }
                            ],
                            "ContractEnd": [
                                {
                                    "Transition": "Success"
                                }
                            ],
                            "exit_gate": [
                                {
                                    "Transition": "Success"
                                }
                            ]
                        }
                    }
                }
            },
            {
                "Id": "85745a86-a55a-4286-bff8-44a7960f87c8",
                "Type": "statemachine",
                "Category": "condition",
                "ExcludeFromScoring": true,
                "OnActive": {
                    "IfInProgress": {
                        "Visible": false
                    }
                },
                "Definition": {
                    "Scope": "session",
                    "Context": {},
                    "States": {
                        "Start": {
                            "47_Infected": {
                                "Transition": "Success"
                            }
                        }
                    }
                }
            },
            {
                "Id": "e98be877-94bb-40a8-959f-5353a7704825",
                "ObjectiveType": "custom",
                "IgnoreIfInactive": true,
                "OnActive": {
                    "IfCompleted": {
                        "Visible": false
                    }
                },
                "Activation": {
                    "$eq": [
                        "$85745a86-a55a-4286-bff8-44a7960f87c8",
                        "Completed"
                    ]
                },
                "Image": "images/contracts/whitespider/004_flu/WS_Flu_Obj_Antidote.jpg",
                "BriefingName": "$loc UI_CONTRACT_FLU_ANTIDOTE_TITLE",
                "BriefingText": "$loc UI_CONTRACT_FLU_ANTIDOTE_DESC",
                "Category": "primary",
                "HUDTemplate": {
                    "display": "$loc UI_CONTRACT_FLU_ANTIDOTE_OBJ"
                },
                "Type": "statemachine",
                "Definition": {
                    "Context": {
                        "Targets": [
                            "d940d53e-738c-4033-8bfd-c2ee28ae4e8a"
                        ]
                    },
                    "States": {
                        "Start": {
                            "-": {
                                "Transition": "Success"
                            }
                        },
                        "Success": {
                            "47_Infected": {
                                "Transition": "Get_Antidote"
                            }
                        },
                        "Get_Antidote": {
                            "47_Cured": {
                                "Transition": "Success"
                            },
                            "$timer": {
                                "Condition": {
                                    "$after": 300
                                },
                                "Transition": "Failure"
                            }
                        }
                    }
                }
            }
        ]
    }
}