{
    "Data": {
        "Objectives": [
            {
                "Id": "301de7a7-3e79-4200-ba67-67e03c5c0add",
                "Category": "primary",
                "ObjectiveType": "setpiece",
                "Image": "images/actors/Snowcrane_erich_soders_briefing.jpg",
                "BriefingName": "$loc UI_CONTRACT_SNOW_CRANE_ELIMINATE_SODERS_NAME",
                "BriefingText": "$loc UI_CONTRACT_SNOW_CRANE_ELIMINATE_SODERS_OBJ",
                "LongBriefingText": "$loc 5651198f-9ef7-4f3c-908b-a570f1cd64e2_ErichSoders_Hokkaido_Description",
                "HUDTemplate": {
                    "display": "$loc UI_CONTRACT_SNOW_CRANE_ELIMINATE_SODERS_OBJ"
                },
                "DisplayAsKillObjective": true,
                "Type": "statemachine",
                "Definition": {
                    "Context": {
                        "Targets": [
                            "5651198f-9ef7-4f3c-908b-a570f1cd64e2"
                        ]
                    },
                    "States": {
                        "Start": {
                            "Soders_Dead": [
                                {
                                    "Transition": "Success"
                                }
                            ]
                        }
                    }
                }
            },
            {
                "Id": "898631fc-fdc5-49e7-8012-029d23934308",
                "Primary": true,
                "SuccessEvent": {
                    "EventName": "Kill",
                    "EventValues": {
                        "RepositoryId": "9bebb40a-3746-4ba2-8bfc-a1fcabaec72c"
                    }
                }
            },
            {
                "Id": "5b1534ef-7848-440c-855a-d2635663dd74",
                "Category": "primary",
                "ExcludeFromScoring": true,
                "OnActive": {
                    "IfCompleted": {
                        "Visible": false
                    }
                },
                "BriefingText": "$loc UI_CONTRACT_SNOWCRANE_FAIL_ESCAPE",
                "HUDTemplate": {
                    "display": "$loc UI_CONTRACT_SNOWCRANE_OBJ_ESCAPE"
                },
                "Type": "statemachine",
                "Definition": {
                    "Context": {},
                    "States": {
                        "Start": {
                            "-": {
                                "Transition": "Success"
                            }
                        },
                        "Success": {
                            "TargetEscapeStarted": {
                                "Transition": "Countdown"
                            }
                        },
                        "Countdown": {
                            "TargetEscapeFoiled": {
                                "Transition": "Success"
                            },
                            "$timer": {
                                "Condition": {
                                    "$after": 45
                                },
                                "Transition": "Failure"
                            },
                            "Kill": {
                                "Condition": {
                                    "$eq": [
                                        "$Value.RepositoryId",
                                        "9bebb40a-3746-4ba2-8bfc-a1fcabaec72c"
                                    ]
                                },
                                "Transition": "Success"
                            }
                        }
                    }
                }
            },
            {
                "Id": "8fba9cf8-c731-47f1-9611-227ea1320fb7",
                "Primary": true,
                "SuccessEvent": {
                    "EventName": "Kill",
                    "EventValues": {
                        "RepositoryId": "b13314ab-ea25-48b7-9e51-8ebb87788e20"
                    }
                }
            },
            {
                "Id": "b8ffc636-4f9a-49b5-8293-98839a6ca202",
                "ObjectiveType": "custom",
                "IgnoreIfInactive": true,
                "OnActive": {
                    "IfCompleted": {
                        "Visible": false
                    }
                },
                "OnInactive": {
                    "IfCompleted": {
                        "State": "Completed"
                    }
                },
                "Image": "images/contracts/whitespider/004_flu/Eliminate_Infected_Obj.jpg",
                "BriefingName": "$loc UI_CONTRACT_FLU_ELIMINATE_INFECTED_COUNT_HEAD",
                "BriefingText": "$loc UI_CONTRACT_FLU_ELIMINATE_INFECTED_OBJ",
                "Category": "primary",
                "HUDTemplate": {
                    "display": "$loc UI_CONTRACT_FLU_ELIMINATE_INFECTED_OBJ",
                    "iconType": 19
                },
                "Type": "statemachine",
                "Definition": {
                    "ContextListeners": {
                        "TargetsCounter": {
                            "type": "objective-counter",
                            "header": "UI_CONTRACT_FLU_ELIMINATE_INFECTED_COUNT_HEAD"
                        }
                    },
                    "Context": {
                        "KilledActors": [],
                        "Targets": [],
                        "TargetsCounter": 0
                    },
                    "States": {
                        "Start": {
                            "-": {
                                "Transition": "Success"
                            }
                        },
                        "Success": {
                            "TargetPicked": [
                                {
                                    "Condition": {
                                        "$not": {
                                            "$eq": [
                                                "9bebb40a-3746-4ba2-8bfc-a1fcabaec72c",
                                                "b13314ab-ea25-48b7-9e51-8ebb87788e20"
                                            ]
                                        }
                                    },
                                    "Actions": {
                                        "$inc": "TargetsCounter",
                                        "$pushunique": [
                                            "Targets",
                                            "$Value.RepositoryId"
                                        ]
                                    },
                                    "Transition": "TargetPicked"
                                }
                            ]
                        },
                        "TargetPicked": {
                            "TargetPicked": [
                                {
                                    "Condition": {
                                        "$not": {
                                            "$eq": [
                                                "9bebb40a-3746-4ba2-8bfc-a1fcabaec72c",
                                                "b13314ab-ea25-48b7-9e51-8ebb87788e20"
                                            ]
                                        }
                                    },
                                    "Actions": {
                                        "$inc": "TargetsCounter",
                                        "$pushunique": [
                                            "Targets",
                                            "$Value.RepositoryId"
                                        ]
                                    }
                                }
                            ],
                            "Kill": [
                                {
                                    "Actions": {
                                        "$pushunique": [
                                            "KilledActors",
                                            "$Value.RepositoryId"
                                        ]
                                    }
                                },
                                {
                                    "Actions": {
                                        "$dec": "TargetsCounter"
                                    },
                                    "Condition": {
                                        "$inarray": {
                                            "in": "$.Targets",
                                            "?": {
                                                "$eq": [
                                                    "$.#",
                                                    "$Value.RepositoryId"
                                                ]
                                            }
                                        }
                                    }
                                },
                                {
                                    "Condition": {
                                        "$all": {
                                            "in": "$.Targets",
                                            "?": {
                                                "$any": {
                                                    "in": "$.KilledActors",
                                                    "?": {
                                                        "$eq": [
                                                            "$.#",
                                                            "$.##"
                                                        ]
                                                    }
                                                }
                                            }
                                        }
                                    },
                                    "Transition": "Success"
                                }
                            ],
                            "ContractLoad": [
                                {
                                    "Actions": {
                                        "$set": [
                                            "TargetsCounter",
                                            "$.TargetsCounter"
                                        ]
                                    }
                                }
                            ]
                        }
                    }
                }
            },
            {
                "Id": "2c22eb96-bad8-4514-83c4-eece9c2c5988",
                "ObjectiveType": "custom",
                "IgnoreIfInactive": true,
                "OnActive": {
                    "IfInProgress": {
                        "Visible": false
                    },
                    "IfFailed": {
                        "Visible": false
                    },
                    "IfCompleted": {
                        "Visible": true
                    }
                },
                "Image": "images/contracts/whitespider/004_flu/Eliminate_Infected_Obj.jpg",
                "BriefingName": "$loc UI_CONTRACT_FLU_ELIMINATE_INFECTED_COUNT_HEAD",
                "BriefingText": "$loc UI_CONTRACT_FLU_ELIMINATE_INFECTED_OBJ",
                "ExcludeFromScoring": true,
                "Category": "secondary",
                "HUDTemplate": {
                    "display": "$loc UI_CONTRACT_FLU_ELIMINATE_INFECTED_OBJ",
                    "iconType": 19
                },
                "Type": "statemachine",
                "Definition": {
                    "ContextListeners": {
                        "TotalTargetsCounter": {
                            "type": "objective-counter",
                            "header": "UI_CONTRACT_FLU_ELIMINATE_INFECTED_COUNT_HEAD"
                        }
                    },
                    "Context": {
                        "TotalTargetsCounter": 0
                    },
                    "States": {
                        "Start": {
                            "TargetPicked": [
                                {
                                    "Actions": {
                                        "$inc": "TotalTargetsCounter"
                                    }
                                }
                            ],
                            "ContractLoad": [
                                {
                                    "Actions": {
                                        "$set": [
                                            "TotalTargetsCounter",
                                            "$.TotalTargetsCounter"
                                        ]
                                    }
                                }
                            ],
                            "ContractEnd": [
                                {
                                    "Transition": "Success"
                                }
                            ],
                            "exit_gate": [
                                {
                                    "Transition": "Success"
                                }
                            ]
                        }
                    }
                }
            },
            {
                "Id": "85745a86-a55a-4286-bff8-44a7960f87c8",
                "Type": "statemachine",
                "Category": "condition",
                "ExcludeFromScoring": true,
                "OnActive": {
                    "IfInProgress": {
                        "Visible": false
                    }
                },
                "Definition": {
                    "Scope": "session",
                    "Context": {},
                    "States": {
                        "Start": {
                            "47_Infected": {
                                "Transition": "Success"
                            }
                        }
                    }
                }
            },
            {
                "Id": "e98be877-94bb-40a8-959f-5353a7704825",
                "ObjectiveType": "custom",
                "IgnoreIfInactive": true,
                "OnActive": {
                    "IfCompleted": {
                        "Visible": false
                    }
                },
                "Activation": {
                    "$eq": [
                        "$85745a86-a55a-4286-bff8-44a7960f87c8",
                        "Completed"
                    ]
                },
                "Image": "images/contracts/whitespider/004_flu/WS_Flu_Obj_Antidote.jpg",
                "BriefingName": "$loc UI_CONTRACT_FLU_ANTIDOTE_TITLE",
                "BriefingText": "$loc UI_CONTRACT_FLU_ANTIDOTE_DESC",
                "Category": "primary",
                "HUDTemplate": {
                    "display": "$loc UI_CONTRACT_FLU_ANTIDOTE_OBJ"
                },
                "Type": "statemachine",
                "Definition": {
                    "Context": {
                        "Targets": [
                            "d940d53e-738c-4033-8bfd-c2ee28ae4e8a"
                        ]
                    },
                    "States": {
                        "Start": {
                            "-": {
                                "Transition": "Success"
                            }
                        },
                        "Success": {
                            "47_Infected": {
                                "Transition": "Get_Antidote"
                            }
                        },
                        "Get_Antidote": {
                            "47_Cured": {
                                "Transition": "Success"
                            },
                            "$timer": {
                                "Condition": {
                                    "$after": 300
                                },
                                "Transition": "Failure"
                            }
                        }
                    }
                }
            }
        ],
        "GameDifficulties": [
            {
                "Difficulty": "easy",
                "Bricks": [
                    "assembly:/_pro/scenes/missions/hokkaido/difficulty_easy_hokkaido_snowcrane.brick"
                ]
            },
            {
                "Difficulty": "normal",
                "Bricks": []
            },
            {
                "Difficulty": "hard",
                "Bricks": [
                    "assembly:/_pro/scenes/missions/hokkaido/difficulty_pro1_hokkaido_snowcrane.brick"
                ]
            }
        ],
        "Bricks": [],
        "VR": [
            {
                "Quality": "base",
                "Bricks": [
                    "assembly:/_pro/Scenes/Bricks/vr_setup.brick",
                    "assembly:/_pro/scenes/missions/hokkaido/vr_overrides_snowcrane.brick",
                    "assembly:/_PRO/scenes/missions/hokkaido/vr_overrides_ps4perf.brick"
                ]
            },
            {
                "Quality": "better",
                "Bricks": [
                    "assembly:/_pro/Scenes/Bricks/vr_setup.brick",
                    "assembly:/_pro/scenes/missions/hokkaido/vr_overrides_snowcrane.brick"
                ]
            }
        ],
        "GameChangers": []
    },
    "Metadata": {
        "Id": "0e81a82e-b409-41e9-9e3b-5f82e57f7a12",
        "IsPublished": true,
        "CreationTimestamp": "2015-06-19T11:07:04.7390328+02:00",
        "CreatorUserId": "00000000-0000-0000-0000-000000000000",
        "Title": "UI_CONTRACT_SNOW_CRANE_TITLE",
        "TileImage": "images/Contracts/SnowCrane/Tile.jpg",
        "CodeName_Hint": "SnowCrane",
        "Description": "UI_CONTRACT_SNOW_CRANE_DESC",
        "BriefingVideo": "briefing_snowcrane",
        "DebriefingVideo": "debriefing_snowcrane",
        "Location": "LOCATION_HOKKAIDO",
        "ScenePath": "assembly:/_PRO/Scenes/Missions/Hokkaido/_Scene_Mission_SnowCrane.entity",
        "Type": "mission",
        "Release": "1.6.x",
        "RequiredUnlockable": "ACCESS_HIT_SNOW_CRANE",
        "Drops": [
            "ACCESS_HIT_S1_CONCLUSION"
        ],
        "Opportunities": [
            "a8e32356-493e-4f13-a6b7-910f995d9f0d",
            "d52590af-3728-4996-b441-b05a777e4642",
            "b3a982f1-2773-4a97-8492-614b897a8f98",
            "15af2544-833e-459e-9de9-39c109b6f732",
            "dd0ef769-afd7-4754-8058-0677b958d91a",
            "63471c19-f174-42f7-a4a4-099c6f71c6af",
            "d2e5bf2d-b6cd-474f-88b1-6aa0c7e641c3"
        ],
        "Entitlements": [
            "H1_LEGACY_STANDARD"
        ]
    },
    "UserData": null
}