{
	"tempHash": "0076810EF758B777",
	"tbluHash": "003BCD23E46A15EA",
	"rootEntity": "f8769c23148358d7",
	"entities": {
		"44118367bf68a6e": {
			"parent": "f8769c23148358d7",
			"name": "Shoes_Heels_Sandals_AnkleStraps",
			"template": "006F8031BC9B3DCA",
			"blueprint": "00820B490ED58261",
			"properties": {
				"ConstantVector1D_01_Value": {
					"type": "float32",
					"value": 1
				},
				"Diffuse_Saturation_01_Value": {
					"type": "float32",
					"value": 0
				},
				"m_pMeshResource": {
					"type": "ZRuntimeResourceID",
					"value": {
						"resource": "00009BC2C3DCF58B",
						"flag": "5F"
					}
				}
			},
			"postInitProperties": {},
			"editorOnly": false,
			"platformSpecificPropertyValues": []
		},
		"e62ce9e0131fa3c8": {
			"parent": "ce1094633997cdbd",
			"name": "C_Neck1",
			"template": "[assembly:/templates/aspectdummy.aspect]([modules:/zclothsphere.class].entitytype,[modules:/zboneattachaspect.class].entitytype).pc_entitytype",
			"blueprint": "[assembly:/templates/aspectdummy.aspect]([modules:/zclothsphere.class].entitytype,[modules:/zboneattachaspect.class].entitytype).pc_entityblueprint",
			"properties": {
				"m_fRadius": {
					"type": "float32",
					"value": 0.05299999937415123
				},
				"m_BoneName": {
					"type": "ZString",
					"value": "Neck1"
				},
				"m_linkedEntity": {
					"type": "SEntityTemplateReference",
					"value": null
				},
				"m_mTransform": {
					"type": "SMatrix43",
					"value": {
						"rotation": {
							"x": 0.0,
							"y": 0.0,
							"z": 0.0
						},
						"position": {
							"x": 0.0,
							"y": 0.0,
							"z": 0.0
						}
					}
				}
			},
			"postInitProperties": {
				"m_eidParent": {
					"type": "SEntityTemplateReference",
					"value": "ce1094633997cdbd"
				}
			},
			"editorOnly": false,
			"platformSpecificPropertyValues": []
		},
		"cbe7f3bd86ea73e7": {
			"parent": "c794c7510a9ba3eb",
			"name": "CChain_Legs",
			"template": "[modules:/zclothspherechain.class].pc_entitytype",
			"blueprint": "[modules:/zclothspherechain.class].pc_entityblueprint",
			"properties": {
				"m_mTransform": {
					"type": "SMatrix43",
					"value": {
						"rotation": {
							"x": 0.0,
							"y": 0.0,
							"z": 0.0
						},
						"position": {
							"x": -1.290655973207322e-7,
							"y": 2.171457902377938e-9,
							"z": 0.0
						}
					}
				}
			},
			"postInitProperties": {
				"m_Spheres": {
					"type": "TArray<SEntityTemplateReference>",
					"value": ["7d191ab5fadcf909", "4247c125ff86fc7", "5e54e66e581aae6d", "df8801da178af030", "29c38f4899e4e78b", "c6f9c8f651702f5e", "faae30324b64d7b4", "fac8ad80eae45c07", "bc8976d9b14b4449", "a4a111630c4e56eb", "4158a5ac61e7d5e0", "9e8213743938c03a", "c86cae4da40157eb", "b243736d875d7bee"]
				},
				"m_eidParent": {
					"type": "SEntityTemplateReference",
					"value": "c794c7510a9ba3eb"
				}
			},
			"editorOnly": false,
			"platformSpecificPropertyValues": []
		},
		"ee24ca8f60e3fcd": {
			"parent": "f8769c23148358d7",
			"name": "Gloves_Long",
			"template": "007713EE2671C4DD",
			"blueprint": "002FC255ECFFD065",
			"properties": {
				"ConstantColorRGB_02_Value": {
					"type": "SColorRGB",
					"value": "#5e5e5e"
				},
				"ConstantVector1D_03_Value": {
					"type": "float32",
					"value": 0.20000000298023225
				},
				"ConstantVector1D_15_Value": {
					"type": "float32",
					"value": 1
				},
				"ConstantColorRGB_05_Value": {
					"type": "SColorRGB",
					"value": "#757575"
				}
			},
			"postInitProperties": {},
			"editorOnly": false,
			"platformSpecificPropertyValues": []
		},
		"5c20441b2e1c2210": {
			"parent": "a5fcd55ed88e76cc",
			"name": "Mesh",
			"template": "[assembly:/templates/aspectdummy.aspect]([modules:/zbodypartentity.class].entitytype,[modules:/zclothcollidergroupaspect.class].entitytype).pc_entitytype",
			"blueprint": "[assembly:/templates/aspectdummy.aspect]([modules:/zbodypartentity.class].entitytype,[modules:/zclothcollidergroupaspect.class].entitytype).pc_entityblueprint",
			"properties": {
				"m_pMeshResource": {
					"type": "ZRuntimeResourceID",
					"value": {
						"resource": "00E18EE24977C96B",
						"flag": "5F"
					}
				}
			},
			"postInitProperties": {
				"m_ClothColliders": {
					"type": "TArray<SEntityTemplateReference>",
					"value": ["c794c7510a9ba3eb"]
				}
			},
			"editorOnly": false,
			"platformSpecificPropertyValues": []
		},
		"7d191ab5fadcf909": {
			"parent": "c794c7510a9ba3eb",
			"name": "C_Toe_R",
			"template": "[assembly:/templates/aspectdummy.aspect]([modules:/zclothsphere.class].entitytype,[modules:/zboneattachaspect.class].entitytype).pc_entitytype",
			"blueprint": "[assembly:/templates/aspectdummy.aspect]([modules:/zclothsphere.class].entitytype,[modules:/zboneattachaspect.class].entitytype).pc_entityblueprint",
			"properties": {
				"m_fRadius": {
					"type": "float32",
					"value": 0.05999999865889549
				},
				"m_BoneName": {
					"type": "ZString",
					"value": "R_Foot"
				},
				"m_linkedEntity": {
					"type": "SEntityTemplateReference",
					"value": null
				},
				"m_mTransform": {
					"type": "SMatrix43",
					"value": {
						"rotation": {
							"x": 0.0,
							"y": 0.0,
							"z": 0.0
						},
						"position": {
							"x": 0.08060900121927262,
							"y": 0.1423110067844391,
							"z": 0.0
						}
					}
				}
			},
			"postInitProperties": {
				"m_eidParent": {
					"type": "SEntityTemplateReference",
					"value": "c794c7510a9ba3eb"
				}
			},
			"editorOnly": false,
			"platformSpecificPropertyValues": []
		},
		"8803263c887a7e1d": {
			"parent": "f8769c23148358d7",
			"name": "Part_Pin_Providence",
			"template": "[modules:/zbodypartentity.class].pc_entitytype",
			"blueprint": "[modules:/zbodypartentity.class].pc_entityblueprint",
			"properties": {
				"m_pMeshResource": {
					"type": "ZRuntimeResourceID",
					"value": {
						"resource": "003E7F2A1B80A095",
						"flag": "5F"
					}
				}
			},
			"postInitProperties": {},
			"editorOnly": false,
			"platformSpecificPropertyValues": []
		},
		"faae30324b64d7b4": {
			"parent": "c794c7510a9ba3eb",
			"name": "C_Pelvis_R",
			"template": "[assembly:/templates/aspectdummy.aspect]([modules:/zclothsphere.class].entitytype,[modules:/zboneattachaspect.class].entitytype).pc_entitytype",
			"blueprint": "[assembly:/templates/aspectdummy.aspect]([modules:/zclothsphere.class].entitytype,[modules:/zboneattachaspect.class].entitytype).pc_entityblueprint",
			"properties": {
				"m_fRadius": {
					"type": "float32",
					"value": 0.10599999874830246
				},
				"m_BoneName": {
					"type": "ZString",
					"value": "Pelvis"
				},
				"m_linkedEntity": {
					"type": "SEntityTemplateReference",
					"value": null
				},
				"m_mTransform": {
					"type": "SMatrix43",
					"value": {
						"rotation": {
							"x": 0.0,
							"y": 0.0,
							"z": 0.0
						},
						"position": {
							"x": 0.0,
							"y": 0.0,
							"z": 0.0
						}
					}
				}
			},
			"postInitProperties": {
				"m_eidParent": {
					"type": "SEntityTemplateReference",
					"value": "c794c7510a9ba3eb"
				}
			},
			"editorOnly": false,
			"platformSpecificPropertyValues": []
		},
		"9109d803f6aec729": {
			"parent": "ce1094633997cdbd",
			"name": "CChain_Neck",
			"template": "[modules:/zclothspherechain.class].pc_entitytype",
			"blueprint": "[modules:/zclothspherechain.class].pc_entityblueprint",
			"properties": {
				"m_mTransform": {
					"type": "SMatrix43",
					"value": {
						"rotation": {
							"x": 0.0,
							"y": 0.0,
							"z": 0.0
						},
						"position": {
							"x": 0.0,
							"y": 0.0,
							"z": 0.0
						}
					}
				}
			},
			"postInitProperties": {
				"m_Spheres": {
					"type": "TArray<SEntityTemplateReference>",
					"value": ["8a9df24bcabbbaf0", "e62ce9e0131fa3c8", "e62ce9e0131fa3c8", "fb9a8d43143be1fc"]
				},
				"m_eidParent": {
					"type": "SEntityTemplateReference",
					"value": "ce1094633997cdbd"
				}
			},
			"editorOnly": false,
			"platformSpecificPropertyValues": []
		},
		"59507d245c0b0c5d": {
			"parent": "f8769c23148358d7",
			"name": "Part_Earrings",
			"template": "[modules:/zbodypartentity.class].pc_entitytype",
			"blueprint": "[modules:/zbodypartentity.class].pc_entityblueprint",
			"properties": {
				"m_pMeshResource": {
					"type": "ZRuntimeResourceID",
					"value": {
						"resource": "008192CD94C41E0E",
						"flag": "5F"
					}
				}
			},
			"postInitProperties": {},
			"editorOnly": false,
			"platformSpecificPropertyValues": []
		},
		"c6f9c8f651702f5e": {
			"parent": "c794c7510a9ba3eb",
			"name": "C_TighTop_R",
			"template": "[assembly:/templates/aspectdummy.aspect]([modules:/zclothsphere.class].entitytype,[modules:/zboneattachaspect.class].entitytype).pc_entitytype",
			"blueprint": "[assembly:/templates/aspectdummy.aspect]([modules:/zclothsphere.class].entitytype,[modules:/zboneattachaspect.class].entitytype).pc_entityblueprint",
			"properties": {
				"m_fRadius": {
					"type": "float32",
					"value": 0.11500000208616256
				},
				"m_BoneName": {
					"type": "ZString",
					"value": "RThighTwist"
				},
				"m_linkedEntity": {
					"type": "SEntityTemplateReference",
					"value": null
				},
				"m_mTransform": {
					"type": "SMatrix43",
					"value": {
						"rotation": {
							"x": 0.0,
							"y": 0.0,
							"z": 0.0
						},
						"position": {
							"x": -0.0000779999973019585,
							"y": 0.00459099980071187,
							"z": -0.03807299956679344
						}
					}
				}
			},
			"postInitProperties": {
				"m_eidParent": {
					"type": "SEntityTemplateReference",
					"value": "c794c7510a9ba3eb"
				}
			},
			"editorOnly": false,
			"platformSpecificPropertyValues": []
		},
		"4247c125ff86fc7": {
			"parent": "c794c7510a9ba3eb",
			"name": "C_Foot_R",
			"template": "[assembly:/templates/aspectdummy.aspect]([modules:/zclothsphere.class].entitytype,[modules:/zboneattachaspect.class].entitytype).pc_entitytype",
			"blueprint": "[assembly:/templates/aspectdummy.aspect]([modules:/zclothsphere.class].entitytype,[modules:/zboneattachaspect.class].entitytype).pc_entityblueprint",
			"properties": {
				"m_fRadius": {
					"type": "float32",
					"value": 0.08500000089406966
				},
				"m_BoneName": {
					"type": "ZString",
					"value": "R_Foot"
				},
				"m_linkedEntity": {
					"type": "SEntityTemplateReference",
					"value": null
				},
				"m_mTransform": {
					"type": "SMatrix43",
					"value": {
						"rotation": {
							"x": 0.0,
							"y": 0.0,
							"z": 0.0
						},
						"position": {
							"x": 0.040098000317811969,
							"y": 0.005659999791532755,
							"z": 0.0
						}
					}
				}
			},
			"postInitProperties": {
				"m_eidParent": {
					"type": "SEntityTemplateReference",
					"value": "c794c7510a9ba3eb"
				}
			},
			"editorOnly": false,
			"platformSpecificPropertyValues": []
		},
		"dd10f2452fcaab76": {
			"parent": "f8769c23148358d7",
			"name": "Head_DianaBurnwood_Cinematic",
			"template": "00164083AA4FA5D7",
			"blueprint": "0028C8F6443B5ADD",
			"properties": {},
			"postInitProperties": {
				"CharacterLinkedEntity": {
					"type": "SEntityTemplateReference",
					"value": "f8769c23148358d7"
				},
				"CharacterLinkedEntity2": {
					"type": "TArray<SEntityTemplateReference>",
					"value": ["f8769c23148358d7"]
				}
			},
			"editorOnly": false,
			"platformSpecificPropertyValues": []
		},
		"a4a111630c4e56eb": {
			"parent": "c794c7510a9ba3eb",
			"name": "C_TighMid_L",
			"template": "[assembly:/templates/aspectdummy.aspect]([modules:/zclothsphere.class].entitytype,[modules:/zboneattachaspect.class].entitytype).pc_entitytype",
			"blueprint": "[assembly:/templates/aspectdummy.aspect]([modules:/zclothsphere.class].entitytype,[modules:/zboneattachaspect.class].entitytype).pc_entityblueprint",
			"properties": {
				"m_fRadius": {
					"type": "float32",
					"value": 0.10000000149011612
				},
				"m_BoneName": {
					"type": "ZString",
					"value": "LThighTwist1"
				},
				"m_linkedEntity": {
					"type": "SEntityTemplateReference",
					"value": null
				},
				"m_mTransform": {
					"type": "SMatrix43",
					"value": {
						"rotation": {
							"x": 0.0,
							"y": 0.0,
							"z": 0.0
						},
						"position": {
							"x": -0.007317000068724155,
							"y": 0.015313999727368355,
							"z": 9.999999974752428e-7
						}
					}
				}
			},
			"postInitProperties": {
				"m_eidParent": {
					"type": "SEntityTemplateReference",
					"value": "c794c7510a9ba3eb"
				}
			},
			"editorOnly": false,
			"platformSpecificPropertyValues": []
		},
		"12776a2fb72cc914": {
			"parent": "f8769c23148358d7",
			"name": "Part_Necklace",
			"template": "[modules:/zbodypartentity.class].pc_entitytype",
			"blueprint": "[modules:/zbodypartentity.class].pc_entityblueprint",
			"properties": {
				"m_pMeshResource": {
					"type": "ZRuntimeResourceID",
					"value": {
						"resource": "002D8FA1FB2399C0",
						"flag": "5F"
					}
				}
			},
			"postInitProperties": {},
			"editorOnly": false,
			"platformSpecificPropertyValues": []
		},
		"b243736d875d7bee": {
			"parent": "c794c7510a9ba3eb",
			"name": "C_Toe_L",
			"template": "[assembly:/templates/aspectdummy.aspect]([modules:/zclothsphere.class].entitytype,[modules:/zboneattachaspect.class].entitytype).pc_entitytype",
			"blueprint": "[assembly:/templates/aspectdummy.aspect]([modules:/zclothsphere.class].entitytype,[modules:/zboneattachaspect.class].entitytype).pc_entityblueprint",
			"properties": {
				"m_fRadius": {
					"type": "float32",
					"value": 0.05999999865889549
				},
				"m_BoneName": {
					"type": "ZString",
					"value": "L_Foot"
				},
				"m_linkedEntity": {
					"type": "SEntityTemplateReference",
					"value": null
				},
				"m_mTransform": {
					"type": "SMatrix43",
					"value": {
						"rotation": {
							"x": 0.0,
							"y": 0.0,
							"z": 0.0
						},
						"position": {
							"x": 0.08060900121927262,
							"y": 0.14230099320411683,
							"z": 0.0
						}
					}
				}
			},
			"postInitProperties": {
				"m_eidParent": {
					"type": "SEntityTemplateReference",
					"value": "c794c7510a9ba3eb"
				}
			},
			"editorOnly": false,
			"platformSpecificPropertyValues": []
		},
		"fb9a8d43143be1fc": {
			"parent": "ce1094633997cdbd",
			"name": "C_Head",
			"template": "[assembly:/templates/aspectdummy.aspect]([modules:/zclothsphere.class].entitytype,[modules:/zboneattachaspect.class].entitytype).pc_entitytype",
			"blueprint": "[assembly:/templates/aspectdummy.aspect]([modules:/zclothsphere.class].entitytype,[modules:/zboneattachaspect.class].entitytype).pc_entityblueprint",
			"properties": {
				"m_fRadius": {
					"type": "float32",
					"value": 0.06300000101327896
				},
				"m_BoneName": {
					"type": "ZString",
					"value": "Head"
				},
				"m_linkedEntity": {
					"type": "SEntityTemplateReference",
					"value": null
				},
				"m_mTransform": {
					"type": "SMatrix43",
					"value": {
						"rotation": {
							"x": 0.0,
							"y": 0.0,
							"z": 0.0
						},
						"position": {
							"x": 0.09684699773788452,
							"y": 0.020253999158740045,
							"z": 0.000015999999959603885
						}
					}
				}
			},
			"postInitProperties": {
				"m_eidParent": {
					"type": "SEntityTemplateReference",
					"value": "ce1094633997cdbd"
				}
			},
			"editorOnly": false,
			"platformSpecificPropertyValues": []
		},
		"8acd75a68ed45262": {
			"parent": "52036db546e3513b",
			"name": "Mesh",
			"template": "[assembly:/templates/aspectdummy.aspect]([modules:/zbodypartentity.class].entitytype,[modules:/zclothcollidergroupaspect.class].entitytype).pc_entitytype",
			"blueprint": "[assembly:/templates/aspectdummy.aspect]([modules:/zbodypartentity.class].entitytype,[modules:/zclothcollidergroupaspect.class].entitytype).pc_entityblueprint",
			"properties": {
				"m_pMeshResource": {
					"type": "ZRuntimeResourceID",
					"value": {
						"resource": "008192CD94C41E0E",
						"flag": "5F"
					}
				}
			},
			"postInitProperties": {
				"m_ClothColliders": {
					"type": "TArray<SEntityTemplateReference>",
					"value": ["ce1094633997cdbd"]
				}
			},
			"editorOnly": false,
			"platformSpecificPropertyValues": []
		},
		"a5fcd55ed88e76cc": {
			"parent": "f8769c23148358d7",
			"name": "Dress_Diana_Llama",
			"template": "[modules:/zcompositeentity.class].pc_entitytype",
			"blueprint": "[modules:/zcompositeentity.class].pc_entityblueprint",
			"properties": {
				"m_mTransform": {
					"type": "SMatrix43",
					"value": {
						"rotation": {
							"x": 0.0,
							"y": 0.0,
							"z": 27.880107879638673
						},
						"position": {
							"x": 0.4279865026473999,
							"y": 3.463150978088379,
							"z": -0.024064000695943834
						}
					}
				}
			},
			"postInitProperties": {
				"m_eidParent": {
					"type": "SEntityTemplateReference",
					"value": "f8769c23148358d7"
				}
			},
			"editorOnly": false,
			"platformSpecificPropertyValues": [],
			"exposedInterfaces": [
				["ZClothColliderGroupAspect", "5c20441b2e1c2210"],
				["ZBodyPartEntity", "5c20441b2e1c2210"]
			]
		},
		"df8801da178af030": {
			"parent": "c794c7510a9ba3eb",
			"name": "C_Knee_R",
			"template": "[assembly:/templates/aspectdummy.aspect]([modules:/zclothsphere.class].entitytype,[modules:/zboneattachaspect.class].entitytype).pc_entitytype",
			"blueprint": "[assembly:/templates/aspectdummy.aspect]([modules:/zclothsphere.class].entitytype,[modules:/zboneattachaspect.class].entitytype).pc_entityblueprint",
			"properties": {
				"m_fRadius": {
					"type": "float32",
					"value": 0.0729999989271164
				},
				"m_BoneName": {
					"type": "ZString",
					"value": "R_Calf"
				},
				"m_linkedEntity": {
					"type": "SEntityTemplateReference",
					"value": null
				},
				"m_mTransform": {
					"type": "SMatrix43",
					"value": {
						"rotation": {
							"x": 0.0,
							"y": 0.0,
							"z": 0.0
						},
						"position": {
							"x": -0.008249999955296517,
							"y": -0.005566000007092953,
							"z": 9.999999974752428e-7
						}
					}
				}
			},
			"postInitProperties": {
				"m_eidParent": {
					"type": "SEntityTemplateReference",
					"value": "c794c7510a9ba3eb"
				}
			},
			"editorOnly": false,
			"platformSpecificPropertyValues": []
		},
		"2a935bc74a013fdd": {
			"parent": "c794c7510a9ba3eb",
			"name": "ColliderGroup",
			"template": "[modules:/zclothcollidergroup.class].pc_entitytype",
			"blueprint": "[modules:/zclothcollidergroup.class].pc_entityblueprint",
			"properties": {},
			"postInitProperties": {
				"m_ClothColliders": {
					"type": "TArray<SEntityTemplateReference>",
					"value": ["cbe7f3bd86ea73e7", "a61f6c1bb3ec742a", "48d662254d56c18a"]
				},
				"m_eidParent": {
					"type": "SEntityTemplateReference",
					"value": "c794c7510a9ba3eb"
				}
			},
			"editorOnly": false,
			"platformSpecificPropertyValues": []
		},
		"5e54e66e581aae6d": {
			"parent": "c794c7510a9ba3eb",
			"name": "C_Calf_R",
			"template": "[assembly:/templates/aspectdummy.aspect]([modules:/zclothsphere.class].entitytype,[modules:/zboneattachaspect.class].entitytype).pc_entitytype",
			"blueprint": "[assembly:/templates/aspectdummy.aspect]([modules:/zclothsphere.class].entitytype,[modules:/zboneattachaspect.class].entitytype).pc_entityblueprint",
			"properties": {
				"m_fRadius": {
					"type": "float32",
					"value": 0.0729999989271164
				},
				"m_BoneName": {
					"type": "ZString",
					"value": "R_Calf"
				},
				"m_linkedEntity": {
					"type": "SEntityTemplateReference",
					"value": null
				},
				"m_mTransform": {
					"type": "SMatrix43",
					"value": {
						"rotation": {
							"x": 0.0,
							"y": 0.0,
							"z": 0.0
						},
						"position": {
							"x": 0.12065599858760834,
							"y": -0.02372400090098381,
							"z": 0.0
						}
					}
				}
			},
			"postInitProperties": {
				"m_eidParent": {
					"type": "SEntityTemplateReference",
					"value": "c794c7510a9ba3eb"
				}
			},
			"editorOnly": false,
			"platformSpecificPropertyValues": []
		},
		"4158a5ac61e7d5e0": {
			"parent": "c794c7510a9ba3eb",
			"name": "C_Knee_L",
			"template": "[assembly:/templates/aspectdummy.aspect]([modules:/zclothsphere.class].entitytype,[modules:/zboneattachaspect.class].entitytype).pc_entitytype",
			"blueprint": "[assembly:/templates/aspectdummy.aspect]([modules:/zclothsphere.class].entitytype,[modules:/zboneattachaspect.class].entitytype).pc_entityblueprint",
			"properties": {
				"m_fRadius": {
					"type": "float32",
					"value": 0.0729999989271164
				},
				"m_BoneName": {
					"type": "ZString",
					"value": "L_Calf"
				},
				"m_linkedEntity": {
					"type": "SEntityTemplateReference",
					"value": null
				},
				"m_mTransform": {
					"type": "SMatrix43",
					"value": {
						"rotation": {
							"x": 0.0,
							"y": 0.0,
							"z": 0.0
						},
						"position": {
							"x": -0.00825200043618679,
							"y": -0.005566000007092953,
							"z": 0.0000019999999949504856
						}
					}
				}
			},
			"postInitProperties": {
				"m_eidParent": {
					"type": "SEntityTemplateReference",
					"value": "c794c7510a9ba3eb"
				}
			},
			"editorOnly": false,
			"platformSpecificPropertyValues": []
		},
		"9e8213743938c03a": {
			"parent": "c794c7510a9ba3eb",
			"name": "C_Calf_L",
			"template": "[assembly:/templates/aspectdummy.aspect]([modules:/zclothsphere.class].entitytype,[modules:/zboneattachaspect.class].entitytype).pc_entitytype",
			"blueprint": "[assembly:/templates/aspectdummy.aspect]([modules:/zclothsphere.class].entitytype,[modules:/zboneattachaspect.class].entitytype).pc_entityblueprint",
			"properties": {
				"m_fRadius": {
					"type": "float32",
					"value": 0.0729999989271164
				},
				"m_BoneName": {
					"type": "ZString",
					"value": "L_Calf"
				},
				"m_linkedEntity": {
					"type": "SEntityTemplateReference",
					"value": null
				},
				"m_mTransform": {
					"type": "SMatrix43",
					"value": {
						"rotation": {
							"x": 0.0,
							"y": 0.0,
							"z": 0.0
						},
						"position": {
							"x": 0.12065199762582779,
							"y": -0.023719999939203264,
							"z": 0.000009000000318337698
						}
					}
				}
			},
			"postInitProperties": {
				"m_eidParent": {
					"type": "SEntityTemplateReference",
					"value": "c794c7510a9ba3eb"
				}
			},
			"editorOnly": false,
			"platformSpecificPropertyValues": []
		},
		"48d662254d56c18a": {
			"parent": "c794c7510a9ba3eb",
			"name": "C_Spine",
			"template": "[assembly:/templates/aspectdummy.aspect]([modules:/zclothcapsule.class].entitytype,[modules:/zboneattachaspect.class].entitytype).pc_entitytype",
			"blueprint": "[assembly:/templates/aspectdummy.aspect]([modules:/zclothcapsule.class].entitytype,[modules:/zboneattachaspect.class].entitytype).pc_entityblueprint",
			"properties": {
				"m_BoneName": {
					"type": "ZString",
					"value": "Spine"
				},
				"m_linkedEntity": {
					"type": "SEntityTemplateReference",
					"value": null
				},
				"m_fRadiusX": {
					"type": "float32",
					"value": 0.1599999964237213
				},
				"m_fRadiusY": {
					"type": "float32",
					"value": 0.10499999672174454
				},
				"m_fTop": {
					"type": "float32",
					"value": 0.009999999776482582
				},
				"m_fBottom": {
					"type": "float32",
					"value": 0
				},
				"m_fRadiusZ": {
					"type": "float32",
					"value": 0.15000000596046449
				},
				"m_bEnableBottomRadii": {
					"type": "bool",
					"value": false
				},
				"m_fRadiusXBottom": {
					"type": "float32",
					"value": 1
				},
				"m_fRadiusYBottom": {
					"type": "float32",
					"value": 1
				},
				"m_fRadiusZBottom": {
					"type": "float32",
					"value": 1
				},
				"m_mTransform": {
					"type": "SMatrix43",
					"value": {
						"rotation": {
							"x": 0.0,
							"y": 0.0,
							"z": -6.238075256347656
						},
						"position": {
							"x": -0.00035200000274926424,
							"y": -0.008709999732673169,
							"z": 0.0
						}
					}
				}
			},
			"postInitProperties": {
				"m_eidParent": {
					"type": "SEntityTemplateReference",
					"value": "c794c7510a9ba3eb"
				}
			},
			"editorOnly": false,
			"platformSpecificPropertyValues": []
		},
		"bc8976d9b14b4449": {
			"parent": "c794c7510a9ba3eb",
			"name": "C_TighTop_L",
			"template": "[assembly:/templates/aspectdummy.aspect]([modules:/zclothsphere.class].entitytype,[modules:/zboneattachaspect.class].entitytype).pc_entitytype",
			"blueprint": "[assembly:/templates/aspectdummy.aspect]([modules:/zclothsphere.class].entitytype,[modules:/zboneattachaspect.class].entitytype).pc_entityblueprint",
			"properties": {
				"m_fRadius": {
					"type": "float32",
					"value": 0.11500000208616256
				},
				"m_BoneName": {
					"type": "ZString",
					"value": "LThighTwist"
				},
				"m_linkedEntity": {
					"type": "SEntityTemplateReference",
					"value": null
				},
				"m_mTransform": {
					"type": "SMatrix43",
					"value": {
						"rotation": {
							"x": 0.0,
							"y": 0.0,
							"z": 0.0
						},
						"position": {
							"x": -0.00007899999764049426,
							"y": 0.004656000062823296,
							"z": 0.04307800158858299
						}
					}
				}
			},
			"postInitProperties": {
				"m_eidParent": {
					"type": "SEntityTemplateReference",
					"value": "c794c7510a9ba3eb"
				}
			},
			"editorOnly": false,
			"platformSpecificPropertyValues": []
		},
		"52036db546e3513b": {
			"parent": "f8769c23148358d7",
			"name": "Earrings_Diana_Llama",
			"template": "[modules:/zcompositeentity.class].pc_entitytype",
			"blueprint": "[modules:/zcompositeentity.class].pc_entityblueprint",
			"properties": {
				"m_mTransform": {
					"type": "SMatrix43",
					"value": {
						"rotation": {
							"x": 0.0,
							"y": 0.0,
							"z": 0.0
						},
						"position": {
							"x": 0.0,
							"y": 0.0,
							"z": 0.0
						}
					}
				}
			},
			"postInitProperties": {
				"m_eidParent": {
					"type": "SEntityTemplateReference",
					"value": "f8769c23148358d7"
				}
			},
			"editorOnly": false,
			"platformSpecificPropertyValues": [],
			"exposedInterfaces": [
				["ZClothColliderGroupAspect", "8acd75a68ed45262"],
				["ZBodyPartEntity", "8acd75a68ed45262"]
			]
		},
		"31c3f203913dd804": {
			"parent": "ce1094633997cdbd",
			"name": "ColliderGroup",
			"template": "[modules:/zclothcollidergroup.class].pc_entitytype",
			"blueprint": "[modules:/zclothcollidergroup.class].pc_entityblueprint",
			"properties": {
				"m_ClothColliders": {
					"type": "TArray<SEntityTemplateReference>",
					"value": ["9109d803f6aec729"]
				}
			},
			"postInitProperties": {
				"m_eidParent": {
					"type": "SEntityTemplateReference",
					"value": "ce1094633997cdbd"
				}
			},
			"editorOnly": false,
			"platformSpecificPropertyValues": []
		},
		"8a9df24bcabbbaf0": {
			"parent": "ce1094633997cdbd",
			"name": "C_Neck",
			"template": "[assembly:/templates/aspectdummy.aspect]([modules:/zclothsphere.class].entitytype,[modules:/zboneattachaspect.class].entitytype).pc_entitytype",
			"blueprint": "[assembly:/templates/aspectdummy.aspect]([modules:/zclothsphere.class].entitytype,[modules:/zboneattachaspect.class].entitytype).pc_entityblueprint",
			"properties": {
				"m_fRadius": {
					"type": "float32",
					"value": 0.06499999761581421
				},
				"m_BoneName": {
					"type": "ZString",
					"value": "Neck"
				},
				"m_linkedEntity": {
					"type": "SEntityTemplateReference",
					"value": null
				},
				"m_mTransform": {
					"type": "SMatrix43",
					"value": {
						"rotation": {
							"x": 0.0,
							"y": 0.0,
							"z": 0.0
						},
						"position": {
							"x": 0.0,
							"y": 0.0,
							"z": 0.0
						}
					}
				}
			},
			"postInitProperties": {
				"m_eidParent": {
					"type": "SEntityTemplateReference",
					"value": "ce1094633997cdbd"
				}
			},
			"editorOnly": false,
			"platformSpecificPropertyValues": []
		},
		"ce1094633997cdbd": {
			"parent": "52036db546e3513b",
			"name": "Collider",
			"template": "[modules:/zcompositeentity.class].pc_entitytype",
			"blueprint": "[modules:/zcompositeentity.class].pc_entityblueprint",
			"properties": {
				"m_linkedEntity": {
					"type": "SEntityTemplateReference",
					"value": null
				},
				"m_mTransform": {
					"type": "SMatrix43",
					"value": {
						"rotation": {
							"x": 0.0,
							"y": 0.0,
							"z": 0.0
						},
						"position": {
							"x": 0.0,
							"y": 0.0,
							"z": 0.0
						}
					}
				},
				"m_eidParent": {
					"type": "SEntityTemplateReference",
					"value": "52036db546e3513b"
				}
			},
			"postInitProperties": {},
			"editorOnly": false,
			"platformSpecificPropertyValues": [],
			"propertyAliases": [{
				"exposeProperty": "m_linkedEntity",
				"onEntity": "8a9df24bcabbbaf0",
				"asProperty": "m_linkedEntity"
			}, {
				"exposeProperty": "m_linkedEntity",
				"onEntity": "e62ce9e0131fa3c8",
				"asProperty": "m_linkedEntity"
			}, {
				"exposeProperty": "m_linkedEntity",
				"onEntity": "fb9a8d43143be1fc",
				"asProperty": "m_linkedEntity"
			}],
			"exposedInterfaces": [
				["ZClothCollider", "31c3f203913dd804"],
				["ZClothColliderGroup", "31c3f203913dd804"]
			]
		},
		"29c38f4899e4e78b": {
			"parent": "c794c7510a9ba3eb",
			"name": "C_TighMid_R",
			"template": "[assembly:/templates/aspectdummy.aspect]([modules:/zclothsphere.class].entitytype,[modules:/zboneattachaspect.class].entitytype).pc_entitytype",
			"blueprint": "[assembly:/templates/aspectdummy.aspect]([modules:/zclothsphere.class].entitytype,[modules:/zboneattachaspect.class].entitytype).pc_entityblueprint",
			"properties": {
				"m_fRadius": {
					"type": "float32",
					"value": 0.10000000149011612
				},
				"m_BoneName": {
					"type": "ZString",
					"value": "RThighTwist1"
				},
				"m_linkedEntity": {
					"type": "SEntityTemplateReference",
					"value": null
				},
				"m_mTransform": {
					"type": "SMatrix43",
					"value": {
						"rotation": {
							"x": 0.0,
							"y": 0.0,
							"z": 0.0
						},
						"position": {
							"x": -0.007317999843508005,
							"y": 0.015313999727368355,
							"z": -0.0000019999999949504856
						}
					}
				}
			},
			"postInitProperties": {
				"m_eidParent": {
					"type": "SEntityTemplateReference",
					"value": "c794c7510a9ba3eb"
				}
			},
			"editorOnly": false,
			"platformSpecificPropertyValues": []
		},
		"5ffc7f1506520341": {
			"parent": "f8769c23148358d7",
			"name": "Part_Hair",
			"template": "[modules:/zbodypartentity.class].pc_entitytype",
			"blueprint": "[modules:/zbodypartentity.class].pc_entityblueprint",
			"properties": {
				"m_pMeshResource": {
					"type": "ZRuntimeResourceID",
					"value": {
						"resource": "001855DE7F91AB29",
						"flag": "5F"
					}
				}
			},
			"postInitProperties": {},
			"editorOnly": false,
			"platformSpecificPropertyValues": []
		},
		"a61f6c1bb3ec742a": {
			"parent": "c794c7510a9ba3eb",
			"name": "C_Spine1",
			"template": "[assembly:/templates/aspectdummy.aspect]([modules:/zclothcapsule.class].entitytype,[modules:/zboneattachaspect.class].entitytype).pc_entitytype",
			"blueprint": "[assembly:/templates/aspectdummy.aspect]([modules:/zclothcapsule.class].entitytype,[modules:/zboneattachaspect.class].entitytype).pc_entityblueprint",
			"properties": {
				"m_BoneName": {
					"type": "ZString",
					"value": "Spine1"
				},
				"m_linkedEntity": {
					"type": "SEntityTemplateReference",
					"value": null
				},
				"m_fRadiusX": {
					"type": "float32",
					"value": 0.20000000298023225
				},
				"m_fRadiusY": {
					"type": "float32",
					"value": 0.0949999988079071
				},
				"m_fTop": {
					"type": "float32",
					"value": 0.009999999776482582
				},
				"m_fBottom": {
					"type": "float32",
					"value": 0
				},
				"m_fRadiusZ": {
					"type": "float32",
					"value": 0.119999997317791
				},
				"m_bEnableBottomRadii": {
					"type": "bool",
					"value": false
				},
				"m_fRadiusXBottom": {
					"type": "float32",
					"value": 1
				},
				"m_fRadiusYBottom": {
					"type": "float32",
					"value": 1
				},
				"m_fRadiusZBottom": {
					"type": "float32",
					"value": 1
				},
				"m_mTransform": {
					"type": "SMatrix43",
					"value": {
						"rotation": {
							"x": 0.0,
							"y": 0.0,
							"z": 0.0
						},
						"position": {
							"x": 0.0,
							"y": 0.0,
							"z": 0.0
						}
					}
				}
			},
			"postInitProperties": {
				"m_eidParent": {
					"type": "SEntityTemplateReference",
					"value": "c794c7510a9ba3eb"
				}
			},
			"editorOnly": false,
			"platformSpecificPropertyValues": []
		},
		"fac8ad80eae45c07": {
			"parent": "c794c7510a9ba3eb",
			"name": "C_Pelvis_L",
			"template": "[assembly:/templates/aspectdummy.aspect]([modules:/zclothsphere.class].entitytype,[modules:/zboneattachaspect.class].entitytype).pc_entitytype",
			"blueprint": "[assembly:/templates/aspectdummy.aspect]([modules:/zclothsphere.class].entitytype,[modules:/zboneattachaspect.class].entitytype).pc_entityblueprint",
			"properties": {
				"m_fRadius": {
					"type": "float32",
					"value": 0.10599999874830246
				},
				"m_BoneName": {
					"type": "ZString",
					"value": "Pelvis"
				},
				"m_linkedEntity": {
					"type": "SEntityTemplateReference",
					"value": null
				},
				"m_mTransform": {
					"type": "SMatrix43",
					"value": {
						"rotation": {
							"x": 0.0,
							"y": 0.0,
							"z": 0.0
						},
						"position": {
							"x": 0.0,
							"y": 0.0,
							"z": 0.0
						}
					}
				}
			},
			"postInitProperties": {
				"m_eidParent": {
					"type": "SEntityTemplateReference",
					"value": "c794c7510a9ba3eb"
				}
			},
			"editorOnly": false,
			"platformSpecificPropertyValues": []
		},
		"f8769c23148358d7": {
			"parent": null,
			"name": "OUTFIT_Llama_Cinematic_Diana_Actor_v0",
			"template": "00668286DD059CB4",
			"blueprint": "005ED25F9A8E2326",
			"properties": {
				"m_mTransform": {
					"type": "SMatrix43",
					"value": {
						"rotation": {
							"x": 0.0,
							"y": 0.0,
							"z": 2.6458280086517336
						},
						"position": {
							"x": 1.0529379844665528,
							"y": -0.9285470247268677,
							"z": -0.008449999615550042
						}
					}
				},
				"m_pBonesAndCollisionResource": {
					"type": "ZRuntimeResourceID",
					"value": {
						"resource": "0034A8CB5D5FA1B7",
						"flag": "5F"
					}
				},
				"m_eBendConstrainType": {
					"type": "EClothBendConstrainType",
					"value": "eClothBendConstrainType_Stick"
				}
			},
			"postInitProperties": {
				"m_aBodyParts": {
					"type": "TArray<SEntityTemplateReference>",
					"value": ["44118367bf68a6e", "ee24ca8f60e3fcd", "a5fcd55ed88e76cc", "5ffc7f1506520341", "52036db546e3513b", "dd10f2452fcaab76", "a2262843b7f902eb", "8803263c887a7e1d", "12776a2fb72cc914", "abcdcade9143921f"]
				}
			},
			"editorOnly": false,
			"platformSpecificPropertyValues": []
		},
		"a2262843b7f902eb": {
			"parent": "f8769c23148358d7",
			"name": "Part_Body",
			"template": "[modules:/zbodypartentity.class].pc_entitytype",
			"blueprint": "[modules:/zbodypartentity.class].pc_entityblueprint",
			"properties": {
				"m_pMeshResource": {
					"type": "ZRuntimeResourceID",
					"value": {
						"resource": "00647FA029DDE233",
						"flag": "5F"
					}
				}
			},
			"postInitProperties": {},
			"editorOnly": false,
			"platformSpecificPropertyValues": []
		},
		"6b157fce45459dde": {
			"parent": "f8769c23148358d7",
			"name": "male_reg_the_constant_01_pin_01",
			"template": "[assembly:/_pro/characters/assets/individuals/gatekeeper/materials/male_reg_the_constant_01_pin_01.mi].pc_entitytype",
			"blueprint": "[assembly:/_pro/characters/assets/individuals/gatekeeper/materials/male_reg_the_constant_01_pin_01.mi].pc_entityblueprint",
			"properties": {
				"m_mTransform": {
					"type": "SMatrix43",
					"value": {
						"rotation": {
							"x": 0.0,
							"y": 0.0,
							"z": 0.0
						},
						"position": {
							"x": 0.0,
							"y": 0.0,
							"z": 0.0
						}
					}
				},
				"Clients": {
					"type": "TArray<SEntityTemplateReference>",
					"value": ["f8769c23148358d7"]
				},
				"ConstantColorRGB_05_Value_op": {
					"type": "IRenderMaterialEntity.EModifierOperation",
					"value": "eLeave"
				},
				"ConstantColorRGB_02_Value_op": {
					"type": "IRenderMaterialEntity.EModifierOperation",
					"value": "eLeave"
				},
				"ConstantColorRGB_02_Value": {
					"type": "SColorRGB",
					"value": "#ffffff"
				},
				"ConstantVector1D_09_Value_op": {
					"type": "IRenderMaterialEntity.EModifierOperation",
					"value": "eReplace"
				},
				"ConstantVector1D_09_Value": {
					"type": "float32",
					"value": 3
				},
				"ConstantColorRGB_05_Value": {
					"type": "SColorRGB",
					"value": "#ffffff"
				},
				"Texture2D_03_enab": {
					"type": "bool",
					"value": false
				},
				"m_eidParent": {
					"type": "SEntityTemplateReference",
					"value": "f8769c23148358d7"
				}
			},
			"postInitProperties": {},
			"editorOnly": false,
			"platformSpecificPropertyValues": []
		},
		"c86cae4da40157eb": {
			"parent": "c794c7510a9ba3eb",
			"name": "C_Foot_L",
			"template": "[assembly:/templates/aspectdummy.aspect]([modules:/zclothsphere.class].entitytype,[modules:/zboneattachaspect.class].entitytype).pc_entitytype",
			"blueprint": "[assembly:/templates/aspectdummy.aspect]([modules:/zclothsphere.class].entitytype,[modules:/zboneattachaspect.class].entitytype).pc_entityblueprint",
			"properties": {
				"m_fRadius": {
					"type": "float32",
					"value": 0.08500000089406966
				},
				"m_BoneName": {
					"type": "ZString",
					"value": "L_Foot"
				},
				"m_linkedEntity": {
					"type": "SEntityTemplateReference",
					"value": null
				},
				"m_mTransform": {
					"type": "SMatrix43",
					"value": {
						"rotation": {
							"x": 0.0,
							"y": 0.0,
							"z": 0.0
						},
						"position": {
							"x": 0.040098000317811969,
							"y": 0.005659999791532755,
							"z": 0.0
						}
					}
				}
			},
			"postInitProperties": {
				"m_eidParent": {
					"type": "SEntityTemplateReference",
					"value": "c794c7510a9ba3eb"
				}
			},
			"editorOnly": false,
			"platformSpecificPropertyValues": []
		},
		"c794c7510a9ba3eb": {
			"parent": "a5fcd55ed88e76cc",
			"name": "Collider",
			"template": "[modules:/zcompositeentity.class].pc_entitytype",
			"blueprint": "[modules:/zcompositeentity.class].pc_entityblueprint",
			"properties": {
				"m_linkedEntity": {
					"type": "SEntityTemplateReference",
					"value": null
				},
				"m_mTransform": {
					"type": "SMatrix43",
					"value": {
						"rotation": {
							"x": 0.0,
							"y": 0.0,
							"z": 0.0
						},
						"position": {
							"x": 0.0,
							"y": 0.0,
							"z": 0.0
						}
					}
				},
				"m_eidParent": {
					"type": "SEntityTemplateReference",
					"value": "a5fcd55ed88e76cc"
				}
			},
			"postInitProperties": {},
			"editorOnly": false,
			"platformSpecificPropertyValues": [],
			"propertyAliases": [{
				"exposeProperty": "m_linkedEntity",
				"onEntity": "c86cae4da40157eb",
				"asProperty": "m_linkedEntity"
			}, {
				"exposeProperty": "m_linkedEntity",
				"onEntity": "4247c125ff86fc7",
				"asProperty": "m_linkedEntity"
			}, {
				"exposeProperty": "m_linkedEntity",
				"onEntity": "48d662254d56c18a",
				"asProperty": "m_linkedEntity"
			}, {
				"exposeProperty": "m_linkedEntity",
				"onEntity": "4158a5ac61e7d5e0",
				"asProperty": "m_linkedEntity"
			}, {
				"exposeProperty": "m_linkedEntity",
				"onEntity": "a61f6c1bb3ec742a",
				"asProperty": "m_linkedEntity"
			}, {
				"exposeProperty": "m_linkedEntity",
				"onEntity": "df8801da178af030",
				"asProperty": "m_linkedEntity"
			}, {
				"exposeProperty": "m_linkedEntity",
				"onEntity": "fac8ad80eae45c07",
				"asProperty": "m_linkedEntity"
			}, {
				"exposeProperty": "m_linkedEntity",
				"onEntity": "a4a111630c4e56eb",
				"asProperty": "m_linkedEntity"
			}, {
				"exposeProperty": "m_linkedEntity",
				"onEntity": "29c38f4899e4e78b",
				"asProperty": "m_linkedEntity"
			}, {
				"exposeProperty": "m_linkedEntity",
				"onEntity": "c6f9c8f651702f5e",
				"asProperty": "m_linkedEntity"
			}, {
				"exposeProperty": "m_linkedEntity",
				"onEntity": "bc8976d9b14b4449",
				"asProperty": "m_linkedEntity"
			}, {
				"exposeProperty": "m_linkedEntity",
				"onEntity": "faae30324b64d7b4",
				"asProperty": "m_linkedEntity"
			}],
			"exposedInterfaces": [
				["ZClothCollider", "2a935bc74a013fdd"],
				["ZClothColliderGroup", "2a935bc74a013fdd"]
			]
		},
		"abcdcade9143921f": {
			"parent": "f8769c23148358d7",
			"name": "Mesh_Mask",
			"template": "[modules:/zbodypartentity.class].pc_entitytype",
			"blueprint": "[modules:/zbodypartentity.class].pc_entityblueprint",
			"properties": {
				"m_pMeshResource": {
					"type": "ZRuntimeResourceID",
					"value": {
						"resource": "00D4201ABA696969",
						"flag": "5F"
					}
				}
			},
			"postInitProperties": {},
			"editorOnly": false,
			"platformSpecificPropertyValues": []
		}
	},
	"overrideDeletes": [],
	"pinConnectionOverrides": [],
	"pinConnectionOverrideDeletes": [],
	"propertyOverrides": [],
	"externalScenes": [],
	"subType": 0,
	"quickEntityVersion": 2.1
}