{
	"tempHash": "002CC01E5889B687",
	"tbluHash": "00A5ACBC94D63E82",
	"rootEntity": "3083ca99ca262045",
	"entities": {
		"f9f50add20c1e762": {
			"parent": "9e5aff04f6054963",
			"name": "C_Spine1",
			"template": "[assembly:/templates/aspectdummy.aspect]([modules:/zclothcapsule.class].entitytype,[modules:/zboneattachaspect.class].entitytype).pc_entitytype",
			"blueprint": "[assembly:/templates/aspectdummy.aspect]([modules:/zclothcapsule.class].entitytype,[modules:/zboneattachaspect.class].entitytype).pc_entityblueprint",
			"properties": {
				"m_BoneName": {
					"type": "ZString",
					"value": "Spine1"
				},
				"m_linkedEntity": {
					"type": "SEntityTemplateReference",
					"value": null
				},
				"m_fRadiusX": {
					"type": "float32",
					"value": 0.20000000298023225
				},
				"m_fRadiusY": {
					"type": "float32",
					"value": 0.0949999988079071
				},
				"m_fTop": {
					"type": "float32",
					"value": 0.009999999776482582
				},
				"m_fBottom": {
					"type": "float32",
					"value": 0
				},
				"m_fRadiusZ": {
					"type": "float32",
					"value": 0.119999997317791
				},
				"m_bEnableBottomRadii": {
					"type": "bool",
					"value": false
				},
				"m_fRadiusXBottom": {
					"type": "float32",
					"value": 1
				},
				"m_fRadiusYBottom": {
					"type": "float32",
					"value": 1
				},
				"m_fRadiusZBottom": {
					"type": "float32",
					"value": 1
				},
				"m_mTransform": {
					"type": "SMatrix43",
					"value": {
						"rotation": {
							"x": 0.0,
							"y": 0.0,
							"z": 0.0
						},
						"position": {
							"x": 0.0,
							"y": 0.0,
							"z": 0.0
						}
					}
				}
			},
			"postInitProperties": {
				"m_eidParent": {
					"type": "SEntityTemplateReference",
					"value": "9e5aff04f6054963"
				}
			},
			"editorOnly": false,
			"platformSpecificPropertyValues": []
		},
		"7662e5f00af548f3": {
			"parent": "9e5aff04f6054963",
			"name": "C_Calf_L",
			"template": "[assembly:/templates/aspectdummy.aspect]([modules:/zclothsphere.class].entitytype,[modules:/zboneattachaspect.class].entitytype).pc_entitytype",
			"blueprint": "[assembly:/templates/aspectdummy.aspect]([modules:/zclothsphere.class].entitytype,[modules:/zboneattachaspect.class].entitytype).pc_entityblueprint",
			"properties": {
				"m_fRadius": {
					"type": "float32",
					"value": 0.0729999989271164
				},
				"m_BoneName": {
					"type": "ZString",
					"value": "L_Calf"
				},
				"m_linkedEntity": {
					"type": "SEntityTemplateReference",
					"value": null
				},
				"m_mTransform": {
					"type": "SMatrix43",
					"value": {
						"rotation": {
							"x": 0.0,
							"y": 0.0,
							"z": 0.0
						},
						"position": {
							"x": 0.12065199762582779,
							"y": -0.023719999939203264,
							"z": 0.000009000000318337698
						}
					}
				}
			},
			"postInitProperties": {
				"m_eidParent": {
					"type": "SEntityTemplateReference",
					"value": "9e5aff04f6054963"
				}
			},
			"editorOnly": false,
			"platformSpecificPropertyValues": []
		},
		"8fab7aa7c04880cd": {
			"parent": "3083ca99ca262045",
			"name": "Part_Necklace",
			"template": "[modules:/zbodypartentity.class].pc_entitytype",
			"blueprint": "[modules:/zbodypartentity.class].pc_entityblueprint",
			"properties": {
				"m_pMeshResource": {
					"type": "ZRuntimeResourceID",
					"value": {
						"resource": "002D8FA1FB2399C0",
						"flag": "5F"
					}
				}
			},
			"postInitProperties": {},
			"editorOnly": false,
			"platformSpecificPropertyValues": []
		},
		"aac4898738ac1819": {
			"parent": "3083ca99ca262045",
			"name": "Head_DianaBurnwood",
			"template": "005DB9813C143CC6",
			"blueprint": "009CE194C93F3593",
			"properties": {},
			"postInitProperties": {},
			"editorOnly": false,
			"platformSpecificPropertyValues": []
		},
		"540bd1fcda1d06e4": {
			"parent": "9e5aff04f6054963",
			"name": "C_Foot_L",
			"template": "[assembly:/templates/aspectdummy.aspect]([modules:/zclothsphere.class].entitytype,[modules:/zboneattachaspect.class].entitytype).pc_entitytype",
			"blueprint": "[assembly:/templates/aspectdummy.aspect]([modules:/zclothsphere.class].entitytype,[modules:/zboneattachaspect.class].entitytype).pc_entityblueprint",
			"properties": {
				"m_fRadius": {
					"type": "float32",
					"value": 0.08500000089406966
				},
				"m_BoneName": {
					"type": "ZString",
					"value": "L_Foot"
				},
				"m_linkedEntity": {
					"type": "SEntityTemplateReference",
					"value": null
				},
				"m_mTransform": {
					"type": "SMatrix43",
					"value": {
						"rotation": {
							"x": 0.0,
							"y": 0.0,
							"z": 0.0
						},
						"position": {
							"x": 0.040098000317811969,
							"y": 0.005659999791532755,
							"z": 0.0
						}
					}
				}
			},
			"postInitProperties": {
				"m_eidParent": {
					"type": "SEntityTemplateReference",
					"value": "9e5aff04f6054963"
				}
			},
			"editorOnly": false,
			"platformSpecificPropertyValues": []
		},
		"db5bb16027305a42": {
			"parent": "5194c0a45ad2a638",
			"name": "ColliderGroup",
			"template": "[modules:/zclothcollidergroup.class].pc_entitytype",
			"blueprint": "[modules:/zclothcollidergroup.class].pc_entityblueprint",
			"properties": {},
			"postInitProperties": {
				"m_ClothColliders": {
					"type": "TArray<SEntityTemplateReference>",
					"value": ["e828e4a344351831"]
				},
				"m_eidParent": {
					"type": "SEntityTemplateReference",
					"value": "5194c0a45ad2a638"
				}
			},
			"editorOnly": false,
			"platformSpecificPropertyValues": []
		},
		"a8c433e01eced4d4": {
			"parent": "9e5aff04f6054963",
			"name": "C_Pelvis_L",
			"template": "[assembly:/templates/aspectdummy.aspect]([modules:/zclothsphere.class].entitytype,[modules:/zboneattachaspect.class].entitytype).pc_entitytype",
			"blueprint": "[assembly:/templates/aspectdummy.aspect]([modules:/zclothsphere.class].entitytype,[modules:/zboneattachaspect.class].entitytype).pc_entityblueprint",
			"properties": {
				"m_fRadius": {
					"type": "float32",
					"value": 0.10599999874830246
				},
				"m_BoneName": {
					"type": "ZString",
					"value": "Pelvis"
				},
				"m_linkedEntity": {
					"type": "SEntityTemplateReference",
					"value": null
				},
				"m_mTransform": {
					"type": "SMatrix43",
					"value": {
						"rotation": {
							"x": 0.0,
							"y": 0.0,
							"z": 0.0
						},
						"position": {
							"x": 0.0,
							"y": 0.0,
							"z": 0.0
						}
					}
				}
			},
			"postInitProperties": {
				"m_eidParent": {
					"type": "SEntityTemplateReference",
					"value": "9e5aff04f6054963"
				}
			},
			"editorOnly": false,
			"platformSpecificPropertyValues": []
		},
		"3083ca99ca262045": {
			"parent": null,
			"name": "OUTFIT_Llama_Unique_Diana_F_Actor_v0",
			"template": "00AC7D0E02559124",
			"blueprint": "002F0446D90230BA",
			"properties": {
				"m_mTransform": {
					"type": "SMatrix43",
					"value": {
						"rotation": {
							"x": 0.0,
							"y": 0.0,
							"z": 2.6458280086517336
						},
						"position": {
							"x": -2.512800931930542,
							"y": -3.890784978866577,
							"z": 0.004602999892085791
						}
					}
				},
				"m_pBonesAndCollisionResource": {
					"type": "ZRuntimeResourceID",
					"value": {
						"resource": "0097F69B78D93F12",
						"flag": "5F"
					}
				},
				"m_eBendConstrainType": {
					"type": "EClothBendConstrainType",
					"value": "eClothBendConstrainType_Stick"
				}
			},
			"postInitProperties": {
				"m_aBodyParts": {
					"type": "TArray<SEntityTemplateReference>",
					"value": ["aac4898738ac1819", "f066ceee9b5c433", "d8f54a3260384bdf", "23658fd58ebfb23c", "f1633691045c7b12", "8220c3cb7cf156a3", "8fab7aa7c04880cd", "7fe6092e00cb8086", "abcdf91f3feaa9b7"]
				}
			},
			"editorOnly": false,
			"platformSpecificPropertyValues": []
		},
		"eb3d078af9fd9d7a": {
			"parent": "9e5aff04f6054963",
			"name": "CChain_Legs",
			"template": "[modules:/zclothspherechain.class].pc_entitytype",
			"blueprint": "[modules:/zclothspherechain.class].pc_entityblueprint",
			"properties": {
				"m_mTransform": {
					"type": "SMatrix43",
					"value": {
						"rotation": {
							"x": 0.0,
							"y": 0.0,
							"z": 0.0
						},
						"position": {
							"x": -1.290655973207322e-7,
							"y": 2.171457902377938e-9,
							"z": 0.0
						}
					}
				}
			},
			"postInitProperties": {
				"m_Spheres": {
					"type": "TArray<SEntityTemplateReference>",
					"value": ["9274b7d6c0f159cf", "c7562e031ebb6b84", "88a4be70ea3b41da", "3002badc3b12d23a", "4b4099364ad23da1", "d310980f5c35d6ce", "379c1ab2ab4c1f0c", "a8c433e01eced4d4", "1fbf588e134dc9b7", "a193d581606bc681", "a11e934a38559b51", "7662e5f00af548f3", "540bd1fcda1d06e4", "435a1d183dd8ad28"]
				},
				"m_eidParent": {
					"type": "SEntityTemplateReference",
					"value": "9e5aff04f6054963"
				}
			},
			"editorOnly": false,
			"platformSpecificPropertyValues": []
		},
		"f1633691045c7b12": {
			"parent": "3083ca99ca262045",
			"name": "Part_Hair",
			"template": "[modules:/zbodypartentity.class].pc_entitytype",
			"blueprint": "[modules:/zbodypartentity.class].pc_entityblueprint",
			"properties": {
				"m_pMeshResource": {
					"type": "ZRuntimeResourceID",
					"value": {
						"resource": "001855DE7F91AB29",
						"flag": "5F"
					}
				}
			},
			"postInitProperties": {},
			"editorOnly": false,
			"platformSpecificPropertyValues": []
		},
		"cd6b3b56fa90706e": {
			"parent": "5194c0a45ad2a638",
			"name": "C_Neck1",
			"template": "[assembly:/templates/aspectdummy.aspect]([modules:/zclothsphere.class].entitytype,[modules:/zboneattachaspect.class].entitytype).pc_entitytype",
			"blueprint": "[assembly:/templates/aspectdummy.aspect]([modules:/zclothsphere.class].entitytype,[modules:/zboneattachaspect.class].entitytype).pc_entityblueprint",
			"properties": {
				"m_fRadius": {
					"type": "float32",
					"value": 0.05299999937415123
				},
				"m_BoneName": {
					"type": "ZString",
					"value": "Neck1"
				},
				"m_linkedEntity": {
					"type": "SEntityTemplateReference",
					"value": null
				},
				"m_mTransform": {
					"type": "SMatrix43",
					"value": {
						"rotation": {
							"x": 0.0,
							"y": 0.0,
							"z": 0.0
						},
						"position": {
							"x": 0.0,
							"y": 0.0,
							"z": 0.0
						}
					}
				}
			},
			"postInitProperties": {
				"m_eidParent": {
					"type": "SEntityTemplateReference",
					"value": "5194c0a45ad2a638"
				}
			},
			"editorOnly": false,
			"platformSpecificPropertyValues": []
		},
		"f066ceee9b5c433": {
			"parent": "3083ca99ca262045",
			"name": "Shoes_Heels_Sandals_AnkleStraps",
			"template": "006F8031BC9B3DCA",
			"blueprint": "00820B490ED58261",
			"properties": {
				"ConstantVector1D_01_Value": {
					"type": "float32",
					"value": 1
				},
				"Diffuse_Saturation_01_Value": {
					"type": "float32",
					"value": 0
				},
				"m_pMeshResource": {
					"type": "ZRuntimeResourceID",
					"value": {
						"resource": "00009BC2C3DCF58B",
						"flag": "5F"
					}
				}
			},
			"postInitProperties": {},
			"editorOnly": false,
			"platformSpecificPropertyValues": []
		},
		"a11e934a38559b51": {
			"parent": "9e5aff04f6054963",
			"name": "C_Knee_L",
			"template": "[assembly:/templates/aspectdummy.aspect]([modules:/zclothsphere.class].entitytype,[modules:/zboneattachaspect.class].entitytype).pc_entitytype",
			"blueprint": "[assembly:/templates/aspectdummy.aspect]([modules:/zclothsphere.class].entitytype,[modules:/zboneattachaspect.class].entitytype).pc_entityblueprint",
			"properties": {
				"m_fRadius": {
					"type": "float32",
					"value": 0.0729999989271164
				},
				"m_BoneName": {
					"type": "ZString",
					"value": "L_Calf"
				},
				"m_linkedEntity": {
					"type": "SEntityTemplateReference",
					"value": null
				},
				"m_mTransform": {
					"type": "SMatrix43",
					"value": {
						"rotation": {
							"x": 0.0,
							"y": 0.0,
							"z": 0.0
						},
						"position": {
							"x": -0.00825200043618679,
							"y": -0.005566000007092953,
							"z": 0.0000019999999949504856
						}
					}
				}
			},
			"postInitProperties": {
				"m_eidParent": {
					"type": "SEntityTemplateReference",
					"value": "9e5aff04f6054963"
				}
			},
			"editorOnly": false,
			"platformSpecificPropertyValues": []
		},
		"46f49a2c189531b9": {
			"parent": "23658fd58ebfb23c",
			"name": "Mesh",
			"template": "[assembly:/templates/aspectdummy.aspect]([modules:/zbodypartentity.class].entitytype,[modules:/zclothcollidergroupaspect.class].entitytype).pc_entitytype",
			"blueprint": "[assembly:/templates/aspectdummy.aspect]([modules:/zbodypartentity.class].entitytype,[modules:/zclothcollidergroupaspect.class].entitytype).pc_entityblueprint",
			"properties": {
				"m_pMeshResource": {
					"type": "ZRuntimeResourceID",
					"value": {
						"resource": "00E18EE24977C96B",
						"flag": "5F"
					}
				}
			},
			"postInitProperties": {
				"m_ClothColliders": {
					"type": "TArray<SEntityTemplateReference>",
					"value": ["9e5aff04f6054963"]
				}
			},
			"editorOnly": false,
			"platformSpecificPropertyValues": []
		},
		"23658fd58ebfb23c": {
			"parent": "3083ca99ca262045",
			"name": "Dress_Diana_Llama",
			"template": "[modules:/zcompositeentity.class].pc_entitytype",
			"blueprint": "[modules:/zcompositeentity.class].pc_entityblueprint",
			"properties": {
				"m_mTransform": {
					"type": "SMatrix43",
					"value": {
						"rotation": {
							"x": 0.0,
							"y": 0.0,
							"z": 27.880107879638673
						},
						"position": {
							"x": 0.4279865026473999,
							"y": 3.463150978088379,
							"z": -0.024064000695943834
						}
					}
				},
				"m_eidParent": {
					"type": "SEntityTemplateReference",
					"value": "3083ca99ca262045"
				}
			},
			"postInitProperties": {},
			"editorOnly": false,
			"platformSpecificPropertyValues": [],
			"exposedInterfaces": [
				["ZClothColliderGroupAspect", "46f49a2c189531b9"],
				["ZBodyPartEntity", "46f49a2c189531b9"]
			]
		},
		"88a4be70ea3b41da": {
			"parent": "9e5aff04f6054963",
			"name": "C_Calf_R",
			"template": "[assembly:/templates/aspectdummy.aspect]([modules:/zclothsphere.class].entitytype,[modules:/zboneattachaspect.class].entitytype).pc_entitytype",
			"blueprint": "[assembly:/templates/aspectdummy.aspect]([modules:/zclothsphere.class].entitytype,[modules:/zboneattachaspect.class].entitytype).pc_entityblueprint",
			"properties": {
				"m_fRadius": {
					"type": "float32",
					"value": 0.0729999989271164
				},
				"m_BoneName": {
					"type": "ZString",
					"value": "R_Calf"
				},
				"m_linkedEntity": {
					"type": "SEntityTemplateReference",
					"value": null
				},
				"m_mTransform": {
					"type": "SMatrix43",
					"value": {
						"rotation": {
							"x": 0.0,
							"y": 0.0,
							"z": 0.0
						},
						"position": {
							"x": 0.12065599858760834,
							"y": -0.02372400090098381,
							"z": 0.0
						}
					}
				}
			},
			"postInitProperties": {
				"m_eidParent": {
					"type": "SEntityTemplateReference",
					"value": "9e5aff04f6054963"
				}
			},
			"editorOnly": false,
			"platformSpecificPropertyValues": []
		},
		"77628616060273b8": {
			"parent": "5194c0a45ad2a638",
			"name": "C_Neck",
			"template": "[assembly:/templates/aspectdummy.aspect]([modules:/zclothsphere.class].entitytype,[modules:/zboneattachaspect.class].entitytype).pc_entitytype",
			"blueprint": "[assembly:/templates/aspectdummy.aspect]([modules:/zclothsphere.class].entitytype,[modules:/zboneattachaspect.class].entitytype).pc_entityblueprint",
			"properties": {
				"m_fRadius": {
					"type": "float32",
					"value": 0.06499999761581421
				},
				"m_BoneName": {
					"type": "ZString",
					"value": "Neck"
				},
				"m_linkedEntity": {
					"type": "SEntityTemplateReference",
					"value": null
				},
				"m_mTransform": {
					"type": "SMatrix43",
					"value": {
						"rotation": {
							"x": 0.0,
							"y": 0.0,
							"z": 0.0
						},
						"position": {
							"x": 0.0,
							"y": 0.0,
							"z": 0.0
						}
					}
				}
			},
			"postInitProperties": {
				"m_eidParent": {
					"type": "SEntityTemplateReference",
					"value": "5194c0a45ad2a638"
				}
			},
			"editorOnly": false,
			"platformSpecificPropertyValues": []
		},
		"1fbf588e134dc9b7": {
			"parent": "9e5aff04f6054963",
			"name": "C_TighTop_L",
			"template": "[assembly:/templates/aspectdummy.aspect]([modules:/zclothsphere.class].entitytype,[modules:/zboneattachaspect.class].entitytype).pc_entitytype",
			"blueprint": "[assembly:/templates/aspectdummy.aspect]([modules:/zclothsphere.class].entitytype,[modules:/zboneattachaspect.class].entitytype).pc_entityblueprint",
			"properties": {
				"m_fRadius": {
					"type": "float32",
					"value": 0.11500000208616256
				},
				"m_BoneName": {
					"type": "ZString",
					"value": "LThighTwist"
				},
				"m_linkedEntity": {
					"type": "SEntityTemplateReference",
					"value": null
				},
				"m_mTransform": {
					"type": "SMatrix43",
					"value": {
						"rotation": {
							"x": 0.0,
							"y": 0.0,
							"z": 0.0
						},
						"position": {
							"x": -0.00007899999764049426,
							"y": 0.004656000062823296,
							"z": 0.04307800158858299
						}
					}
				}
			},
			"postInitProperties": {
				"m_eidParent": {
					"type": "SEntityTemplateReference",
					"value": "9e5aff04f6054963"
				}
			},
			"editorOnly": false,
			"platformSpecificPropertyValues": []
		},
		"93eb9d7a2ee69c2": {
			"parent": "9e5aff04f6054963",
			"name": "C_Spine",
			"template": "[assembly:/templates/aspectdummy.aspect]([modules:/zclothcapsule.class].entitytype,[modules:/zboneattachaspect.class].entitytype).pc_entitytype",
			"blueprint": "[assembly:/templates/aspectdummy.aspect]([modules:/zclothcapsule.class].entitytype,[modules:/zboneattachaspect.class].entitytype).pc_entityblueprint",
			"properties": {
				"m_BoneName": {
					"type": "ZString",
					"value": "Spine"
				},
				"m_linkedEntity": {
					"type": "SEntityTemplateReference",
					"value": null
				},
				"m_fRadiusX": {
					"type": "float32",
					"value": 0.1599999964237213
				},
				"m_fRadiusY": {
					"type": "float32",
					"value": 0.10499999672174454
				},
				"m_fTop": {
					"type": "float32",
					"value": 0.009999999776482582
				},
				"m_fBottom": {
					"type": "float32",
					"value": 0
				},
				"m_fRadiusZ": {
					"type": "float32",
					"value": 0.15000000596046449
				},
				"m_bEnableBottomRadii": {
					"type": "bool",
					"value": false
				},
				"m_fRadiusXBottom": {
					"type": "float32",
					"value": 1
				},
				"m_fRadiusYBottom": {
					"type": "float32",
					"value": 1
				},
				"m_fRadiusZBottom": {
					"type": "float32",
					"value": 1
				},
				"m_mTransform": {
					"type": "SMatrix43",
					"value": {
						"rotation": {
							"x": 0.0,
							"y": 0.0,
							"z": -6.238075256347656
						},
						"position": {
							"x": -0.00035200000274926424,
							"y": -0.008709999732673169,
							"z": 0.0
						}
					}
				}
			},
			"postInitProperties": {
				"m_eidParent": {
					"type": "SEntityTemplateReference",
					"value": "9e5aff04f6054963"
				}
			},
			"editorOnly": false,
			"platformSpecificPropertyValues": []
		},
		"4669b5852b793b6a": {
			"parent": "9e5aff04f6054963",
			"name": "ColliderGroup",
			"template": "[modules:/zclothcollidergroup.class].pc_entitytype",
			"blueprint": "[modules:/zclothcollidergroup.class].pc_entityblueprint",
			"properties": {
				"m_ClothColliders": {
					"type": "TArray<SEntityTemplateReference>",
					"value": ["eb3d078af9fd9d7a", "f9f50add20c1e762", "93eb9d7a2ee69c2"]
				}
			},
			"postInitProperties": {
				"m_eidParent": {
					"type": "SEntityTemplateReference",
					"value": "9e5aff04f6054963"
				}
			},
			"editorOnly": false,
			"platformSpecificPropertyValues": []
		},
		"4b4099364ad23da1": {
			"parent": "9e5aff04f6054963",
			"name": "C_TighMid_R",
			"template": "[assembly:/templates/aspectdummy.aspect]([modules:/zclothsphere.class].entitytype,[modules:/zboneattachaspect.class].entitytype).pc_entitytype",
			"blueprint": "[assembly:/templates/aspectdummy.aspect]([modules:/zclothsphere.class].entitytype,[modules:/zboneattachaspect.class].entitytype).pc_entityblueprint",
			"properties": {
				"m_fRadius": {
					"type": "float32",
					"value": 0.10000000149011612
				},
				"m_BoneName": {
					"type": "ZString",
					"value": "RThighTwist1"
				},
				"m_linkedEntity": {
					"type": "SEntityTemplateReference",
					"value": null
				},
				"m_mTransform": {
					"type": "SMatrix43",
					"value": {
						"rotation": {
							"x": 0.0,
							"y": 0.0,
							"z": 0.0
						},
						"position": {
							"x": -0.007317999843508005,
							"y": 0.015313999727368355,
							"z": -0.0000019999999949504856
						}
					}
				}
			},
			"postInitProperties": {
				"m_eidParent": {
					"type": "SEntityTemplateReference",
					"value": "9e5aff04f6054963"
				}
			},
			"editorOnly": false,
			"platformSpecificPropertyValues": []
		},
		"e828e4a344351831": {
			"parent": "5194c0a45ad2a638",
			"name": "CChain_Neck",
			"template": "[modules:/zclothspherechain.class].pc_entitytype",
			"blueprint": "[modules:/zclothspherechain.class].pc_entityblueprint",
			"properties": {
				"m_mTransform": {
					"type": "SMatrix43",
					"value": {
						"rotation": {
							"x": 0.0,
							"y": 0.0,
							"z": 0.0
						},
						"position": {
							"x": 0.0,
							"y": 0.0,
							"z": 0.0
						}
					}
				}
			},
			"postInitProperties": {
				"m_Spheres": {
					"type": "TArray<SEntityTemplateReference>",
					"value": ["77628616060273b8", "cd6b3b56fa90706e", "cd6b3b56fa90706e", "4f9f5477ce1d77ed"]
				},
				"m_eidParent": {
					"type": "SEntityTemplateReference",
					"value": "5194c0a45ad2a638"
				}
			},
			"editorOnly": false,
			"platformSpecificPropertyValues": []
		},
		"d8f54a3260384bdf": {
			"parent": "3083ca99ca262045",
			"name": "Gloves_Long",
			"template": "007713EE2671C4DD",
			"blueprint": "002FC255ECFFD065",
			"properties": {
				"ConstantColorRGB_02_Value": {
					"type": "SColorRGB",
					"value": "#5e5e5e"
				},
				"ConstantVector1D_03_Value": {
					"type": "float32",
					"value": 0.20000000298023225
				},
				"ConstantVector1D_15_Value": {
					"type": "float32",
					"value": 1
				},
				"ConstantColorRGB_05_Value": {
					"type": "SColorRGB",
					"value": "#757575"
				}
			},
			"postInitProperties": {},
			"editorOnly": false,
			"platformSpecificPropertyValues": []
		},
		"2752d980ec2a0778": {
			"parent": "7fe6092e00cb8086",
			"name": "Mesh",
			"template": "[assembly:/templates/aspectdummy.aspect]([modules:/zbodypartentity.class].entitytype,[modules:/zclothcollidergroupaspect.class].entitytype).pc_entitytype",
			"blueprint": "[assembly:/templates/aspectdummy.aspect]([modules:/zbodypartentity.class].entitytype,[modules:/zclothcollidergroupaspect.class].entitytype).pc_entityblueprint",
			"properties": {
				"m_pMeshResource": {
					"type": "ZRuntimeResourceID",
					"value": {
						"resource": "008192CD94C41E0E",
						"flag": "5F"
					}
				}
			},
			"postInitProperties": {
				"m_ClothColliders": {
					"type": "TArray<SEntityTemplateReference>",
					"value": ["5194c0a45ad2a638"]
				}
			},
			"editorOnly": false,
			"platformSpecificPropertyValues": []
		},
		"7fe6092e00cb8086": {
			"parent": "3083ca99ca262045",
			"name": "Earrings_Diana_Llama",
			"template": "[modules:/zcompositeentity.class].pc_entitytype",
			"blueprint": "[modules:/zcompositeentity.class].pc_entityblueprint",
			"properties": {
				"m_mTransform": {
					"type": "SMatrix43",
					"value": {
						"rotation": {
							"x": 0.0,
							"y": 0.0,
							"z": 0.0
						},
						"position": {
							"x": 0.0,
							"y": 0.0,
							"z": 0.0
						}
					}
				},
				"m_eidParent": {
					"type": "SEntityTemplateReference",
					"value": "3083ca99ca262045"
				}
			},
			"postInitProperties": {},
			"editorOnly": false,
			"platformSpecificPropertyValues": [],
			"exposedInterfaces": [
				["ZClothColliderGroupAspect", "2752d980ec2a0778"],
				["ZBodyPartEntity", "2752d980ec2a0778"]
			]
		},
		"379c1ab2ab4c1f0c": {
			"parent": "9e5aff04f6054963",
			"name": "C_Pelvis_R",
			"template": "[assembly:/templates/aspectdummy.aspect]([modules:/zclothsphere.class].entitytype,[modules:/zboneattachaspect.class].entitytype).pc_entitytype",
			"blueprint": "[assembly:/templates/aspectdummy.aspect]([modules:/zclothsphere.class].entitytype,[modules:/zboneattachaspect.class].entitytype).pc_entityblueprint",
			"properties": {
				"m_fRadius": {
					"type": "float32",
					"value": 0.10599999874830246
				},
				"m_BoneName": {
					"type": "ZString",
					"value": "Pelvis"
				},
				"m_linkedEntity": {
					"type": "SEntityTemplateReference",
					"value": null
				},
				"m_mTransform": {
					"type": "SMatrix43",
					"value": {
						"rotation": {
							"x": 0.0,
							"y": 0.0,
							"z": 0.0
						},
						"position": {
							"x": 0.0,
							"y": 0.0,
							"z": 0.0
						}
					}
				}
			},
			"postInitProperties": {
				"m_eidParent": {
					"type": "SEntityTemplateReference",
					"value": "9e5aff04f6054963"
				}
			},
			"editorOnly": false,
			"platformSpecificPropertyValues": []
		},
		"c7562e031ebb6b84": {
			"parent": "9e5aff04f6054963",
			"name": "C_Foot_R",
			"template": "[assembly:/templates/aspectdummy.aspect]([modules:/zclothsphere.class].entitytype,[modules:/zboneattachaspect.class].entitytype).pc_entitytype",
			"blueprint": "[assembly:/templates/aspectdummy.aspect]([modules:/zclothsphere.class].entitytype,[modules:/zboneattachaspect.class].entitytype).pc_entityblueprint",
			"properties": {
				"m_fRadius": {
					"type": "float32",
					"value": 0.08500000089406966
				},
				"m_BoneName": {
					"type": "ZString",
					"value": "R_Foot"
				},
				"m_linkedEntity": {
					"type": "SEntityTemplateReference",
					"value": null
				},
				"m_mTransform": {
					"type": "SMatrix43",
					"value": {
						"rotation": {
							"x": 0.0,
							"y": 0.0,
							"z": 0.0
						},
						"position": {
							"x": 0.040098000317811969,
							"y": 0.005659999791532755,
							"z": 0.0
						}
					}
				}
			},
			"postInitProperties": {
				"m_eidParent": {
					"type": "SEntityTemplateReference",
					"value": "9e5aff04f6054963"
				}
			},
			"editorOnly": false,
			"platformSpecificPropertyValues": []
		},
		"9274b7d6c0f159cf": {
			"parent": "9e5aff04f6054963",
			"name": "C_Toe_R",
			"template": "[assembly:/templates/aspectdummy.aspect]([modules:/zclothsphere.class].entitytype,[modules:/zboneattachaspect.class].entitytype).pc_entitytype",
			"blueprint": "[assembly:/templates/aspectdummy.aspect]([modules:/zclothsphere.class].entitytype,[modules:/zboneattachaspect.class].entitytype).pc_entityblueprint",
			"properties": {
				"m_fRadius": {
					"type": "float32",
					"value": 0.05999999865889549
				},
				"m_BoneName": {
					"type": "ZString",
					"value": "R_Foot"
				},
				"m_linkedEntity": {
					"type": "SEntityTemplateReference",
					"value": null
				},
				"m_mTransform": {
					"type": "SMatrix43",
					"value": {
						"rotation": {
							"x": 0.0,
							"y": 0.0,
							"z": 0.0
						},
						"position": {
							"x": 0.08060900121927262,
							"y": 0.1423110067844391,
							"z": 0.0
						}
					}
				}
			},
			"postInitProperties": {
				"m_eidParent": {
					"type": "SEntityTemplateReference",
					"value": "9e5aff04f6054963"
				}
			},
			"editorOnly": false,
			"platformSpecificPropertyValues": []
		},
		"a193d581606bc681": {
			"parent": "9e5aff04f6054963",
			"name": "C_TighMid_L",
			"template": "[assembly:/templates/aspectdummy.aspect]([modules:/zclothsphere.class].entitytype,[modules:/zboneattachaspect.class].entitytype).pc_entitytype",
			"blueprint": "[assembly:/templates/aspectdummy.aspect]([modules:/zclothsphere.class].entitytype,[modules:/zboneattachaspect.class].entitytype).pc_entityblueprint",
			"properties": {
				"m_fRadius": {
					"type": "float32",
					"value": 0.10000000149011612
				},
				"m_BoneName": {
					"type": "ZString",
					"value": "LThighTwist1"
				},
				"m_linkedEntity": {
					"type": "SEntityTemplateReference",
					"value": null
				},
				"m_mTransform": {
					"type": "SMatrix43",
					"value": {
						"rotation": {
							"x": 0.0,
							"y": 0.0,
							"z": 0.0
						},
						"position": {
							"x": -0.007317000068724155,
							"y": 0.015313999727368355,
							"z": 9.999999974752428e-7
						}
					}
				}
			},
			"postInitProperties": {
				"m_eidParent": {
					"type": "SEntityTemplateReference",
					"value": "9e5aff04f6054963"
				}
			},
			"editorOnly": false,
			"platformSpecificPropertyValues": []
		},
		"3002badc3b12d23a": {
			"parent": "9e5aff04f6054963",
			"name": "C_Knee_R",
			"template": "[assembly:/templates/aspectdummy.aspect]([modules:/zclothsphere.class].entitytype,[modules:/zboneattachaspect.class].entitytype).pc_entitytype",
			"blueprint": "[assembly:/templates/aspectdummy.aspect]([modules:/zclothsphere.class].entitytype,[modules:/zboneattachaspect.class].entitytype).pc_entityblueprint",
			"properties": {
				"m_fRadius": {
					"type": "float32",
					"value": 0.0729999989271164
				},
				"m_BoneName": {
					"type": "ZString",
					"value": "R_Calf"
				},
				"m_linkedEntity": {
					"type": "SEntityTemplateReference",
					"value": null
				},
				"m_mTransform": {
					"type": "SMatrix43",
					"value": {
						"rotation": {
							"x": 0.0,
							"y": 0.0,
							"z": 0.0
						},
						"position": {
							"x": -0.008249999955296517,
							"y": -0.005566000007092953,
							"z": 9.999999974752428e-7
						}
					}
				}
			},
			"postInitProperties": {
				"m_eidParent": {
					"type": "SEntityTemplateReference",
					"value": "9e5aff04f6054963"
				}
			},
			"editorOnly": false,
			"platformSpecificPropertyValues": []
		},
		"435a1d183dd8ad28": {
			"parent": "9e5aff04f6054963",
			"name": "C_Toe_L",
			"template": "[assembly:/templates/aspectdummy.aspect]([modules:/zclothsphere.class].entitytype,[modules:/zboneattachaspect.class].entitytype).pc_entitytype",
			"blueprint": "[assembly:/templates/aspectdummy.aspect]([modules:/zclothsphere.class].entitytype,[modules:/zboneattachaspect.class].entitytype).pc_entityblueprint",
			"properties": {
				"m_fRadius": {
					"type": "float32",
					"value": 0.05999999865889549
				},
				"m_BoneName": {
					"type": "ZString",
					"value": "L_Foot"
				},
				"m_linkedEntity": {
					"type": "SEntityTemplateReference",
					"value": null
				},
				"m_mTransform": {
					"type": "SMatrix43",
					"value": {
						"rotation": {
							"x": 0.0,
							"y": 0.0,
							"z": 0.0
						},
						"position": {
							"x": 0.08060900121927262,
							"y": 0.14230099320411683,
							"z": 0.0
						}
					}
				}
			},
			"postInitProperties": {
				"m_eidParent": {
					"type": "SEntityTemplateReference",
					"value": "9e5aff04f6054963"
				}
			},
			"editorOnly": false,
			"platformSpecificPropertyValues": []
		},
		"d310980f5c35d6ce": {
			"parent": "9e5aff04f6054963",
			"name": "C_TighTop_R",
			"template": "[assembly:/templates/aspectdummy.aspect]([modules:/zclothsphere.class].entitytype,[modules:/zboneattachaspect.class].entitytype).pc_entitytype",
			"blueprint": "[assembly:/templates/aspectdummy.aspect]([modules:/zclothsphere.class].entitytype,[modules:/zboneattachaspect.class].entitytype).pc_entityblueprint",
			"properties": {
				"m_fRadius": {
					"type": "float32",
					"value": 0.11500000208616256
				},
				"m_BoneName": {
					"type": "ZString",
					"value": "RThighTwist"
				},
				"m_linkedEntity": {
					"type": "SEntityTemplateReference",
					"value": null
				},
				"m_mTransform": {
					"type": "SMatrix43",
					"value": {
						"rotation": {
							"x": 0.0,
							"y": 0.0,
							"z": 0.0
						},
						"position": {
							"x": -0.0000779999973019585,
							"y": 0.00459099980071187,
							"z": -0.03807299956679344
						}
					}
				}
			},
			"postInitProperties": {
				"m_eidParent": {
					"type": "SEntityTemplateReference",
					"value": "9e5aff04f6054963"
				}
			},
			"editorOnly": false,
			"platformSpecificPropertyValues": []
		},
		"9e5aff04f6054963": {
			"parent": "23658fd58ebfb23c",
			"name": "Collider",
			"template": "[modules:/zcompositeentity.class].pc_entitytype",
			"blueprint": "[modules:/zcompositeentity.class].pc_entityblueprint",
			"properties": {
				"m_linkedEntity": {
					"type": "SEntityTemplateReference",
					"value": null
				},
				"m_mTransform": {
					"type": "SMatrix43",
					"value": {
						"rotation": {
							"x": 0.0,
							"y": 0.0,
							"z": 0.0
						},
						"position": {
							"x": 0.0,
							"y": 0.0,
							"z": 0.0
						}
					}
				},
				"m_eidParent": {
					"type": "SEntityTemplateReference",
					"value": "23658fd58ebfb23c"
				}
			},
			"postInitProperties": {},
			"editorOnly": false,
			"platformSpecificPropertyValues": [],
			"propertyAliases": [{
				"exposeProperty": "m_linkedEntity",
				"onEntity": "540bd1fcda1d06e4",
				"asProperty": "m_linkedEntity"
			}, {
				"exposeProperty": "m_linkedEntity",
				"onEntity": "c7562e031ebb6b84",
				"asProperty": "m_linkedEntity"
			}, {
				"exposeProperty": "m_linkedEntity",
				"onEntity": "93eb9d7a2ee69c2",
				"asProperty": "m_linkedEntity"
			}, {
				"exposeProperty": "m_linkedEntity",
				"onEntity": "a11e934a38559b51",
				"asProperty": "m_linkedEntity"
			}, {
				"exposeProperty": "m_linkedEntity",
				"onEntity": "f9f50add20c1e762",
				"asProperty": "m_linkedEntity"
			}, {
				"exposeProperty": "m_linkedEntity",
				"onEntity": "3002badc3b12d23a",
				"asProperty": "m_linkedEntity"
			}, {
				"exposeProperty": "m_linkedEntity",
				"onEntity": "a8c433e01eced4d4",
				"asProperty": "m_linkedEntity"
			}, {
				"exposeProperty": "m_linkedEntity",
				"onEntity": "a193d581606bc681",
				"asProperty": "m_linkedEntity"
			}, {
				"exposeProperty": "m_linkedEntity",
				"onEntity": "4b4099364ad23da1",
				"asProperty": "m_linkedEntity"
			}, {
				"exposeProperty": "m_linkedEntity",
				"onEntity": "d310980f5c35d6ce",
				"asProperty": "m_linkedEntity"
			}, {
				"exposeProperty": "m_linkedEntity",
				"onEntity": "1fbf588e134dc9b7",
				"asProperty": "m_linkedEntity"
			}, {
				"exposeProperty": "m_linkedEntity",
				"onEntity": "379c1ab2ab4c1f0c",
				"asProperty": "m_linkedEntity"
			}],
			"exposedInterfaces": [
				["ZClothCollider", "4669b5852b793b6a"],
				["ZClothColliderGroup", "4669b5852b793b6a"]
			]
		},
		"8220c3cb7cf156a3": {
			"parent": "3083ca99ca262045",
			"name": "Part_Body",
			"template": "[modules:/zbodypartentity.class].pc_entitytype",
			"blueprint": "[modules:/zbodypartentity.class].pc_entityblueprint",
			"properties": {
				"m_pMeshResource": {
					"type": "ZRuntimeResourceID",
					"value": {
						"resource": "005AD576407200F2",
						"flag": "5F"
					}
				}
			},
			"postInitProperties": {},
			"editorOnly": false,
			"platformSpecificPropertyValues": []
		},
		"4f9f5477ce1d77ed": {
			"parent": "5194c0a45ad2a638",
			"name": "C_Head",
			"template": "[assembly:/templates/aspectdummy.aspect]([modules:/zclothsphere.class].entitytype,[modules:/zboneattachaspect.class].entitytype).pc_entitytype",
			"blueprint": "[assembly:/templates/aspectdummy.aspect]([modules:/zclothsphere.class].entitytype,[modules:/zboneattachaspect.class].entitytype).pc_entityblueprint",
			"properties": {
				"m_fRadius": {
					"type": "float32",
					"value": 0.06300000101327896
				},
				"m_BoneName": {
					"type": "ZString",
					"value": "Head"
				},
				"m_linkedEntity": {
					"type": "SEntityTemplateReference",
					"value": null
				},
				"m_mTransform": {
					"type": "SMatrix43",
					"value": {
						"rotation": {
							"x": 0.0,
							"y": 0.0,
							"z": 0.0
						},
						"position": {
							"x": 0.09684699773788452,
							"y": 0.020253999158740045,
							"z": 0.000015999999959603885
						}
					}
				}
			},
			"postInitProperties": {
				"m_eidParent": {
					"type": "SEntityTemplateReference",
					"value": "5194c0a45ad2a638"
				}
			},
			"editorOnly": false,
			"platformSpecificPropertyValues": []
		},
		"5194c0a45ad2a638": {
			"parent": "7fe6092e00cb8086",
			"name": "Collider",
			"template": "[modules:/zcompositeentity.class].pc_entitytype",
			"blueprint": "[modules:/zcompositeentity.class].pc_entityblueprint",
			"properties": {
				"m_linkedEntity": {
					"type": "SEntityTemplateReference",
					"value": null
				},
				"m_mTransform": {
					"type": "SMatrix43",
					"value": {
						"rotation": {
							"x": 0.0,
							"y": 0.0,
							"z": 0.0
						},
						"position": {
							"x": 0.0,
							"y": 0.0,
							"z": 0.0
						}
					}
				},
				"m_eidParent": {
					"type": "SEntityTemplateReference",
					"value": "7fe6092e00cb8086"
				}
			},
			"postInitProperties": {},
			"editorOnly": false,
			"platformSpecificPropertyValues": [],
			"propertyAliases": [{
				"exposeProperty": "m_linkedEntity",
				"onEntity": "77628616060273b8",
				"asProperty": "m_linkedEntity"
			}, {
				"exposeProperty": "m_linkedEntity",
				"onEntity": "cd6b3b56fa90706e",
				"asProperty": "m_linkedEntity"
			}, {
				"exposeProperty": "m_linkedEntity",
				"onEntity": "4f9f5477ce1d77ed",
				"asProperty": "m_linkedEntity"
			}],
			"exposedInterfaces": [
				["ZClothCollider", "db5bb16027305a42"],
				["ZClothColliderGroup", "db5bb16027305a42"]
			]
		},
		"abcdf91f3feaa9b7": {
			"parent": "3083ca99ca262045",
			"name": "Mesh_Mask",
			"template": "[modules:/zbodypartentity.class].pc_entitytype",
			"blueprint": "[modules:/zbodypartentity.class].pc_entityblueprint",
			"properties": {
				"m_pMeshResource": {
					"type": "ZRuntimeResourceID",
					"value": {
						"resource": "00D4201ABA696969",
						"flag": "5F"
					}
				}
			},
			"postInitProperties": {},
			"editorOnly": false,
			"platformSpecificPropertyValues": []
		}
	},
	"overrideDeletes": [],
	"pinConnectionOverrides": [],
	"pinConnectionOverrideDeletes": [],
	"propertyOverrides": [],
	"externalScenes": [],
	"subType": 0,
	"quickEntityVersion": 2.1
}